5909,1024,[堖憰] 償傽儖僉儕乕僒乕僋儗僢僩
5911,2048,[堖憰] 僀儞儁儕傾儖僼僃僓乕
5912,2048,[堖憰] 埆杺偺壓杔
5913,2048,[堖憰] 傾僱儌僗偺壖柺
5914,4096,[堖憰] 挶偺偼偨傔偒
5915,1024,[堖憰] 揤巊偺償僃乕儖
5977,4096,[堖憰] 偔傢偊偨億乕僇乕僇乕僪
5979,4096,[堖憰] 晳偄崀傞揤巊偺塇
5980,1024,[堖憰] 僋儔僔僇儖僼僃僓乕僴僢僩
5981,1024,[堖憰] 埆杺偺朰傟傕偺
5983,4096,[堖憰] 儘僉偺傾僒僔儞儅僗僋
15825,1024,[堖憰] 崟柍忢朮
15836,1024,[堖憰] 鄷揤巊偺僿傾僶儞僪
15838,1024,[堖憰] 償僃僗僷乕僿僢僪僊傾
15839,1024,[堖憰] 偨傟儕儀儕僆儞
15840,2048,[堖憰] 僶僀僆僾儘僥僋僞乕
15841,1024,[堖憰] 僑乕僌儖僴僢僩
15842,1024,[堖憰] 夰拞帪寁偺儅僕僢僋僴僢僩
15843,1024,[堖憰] 擬巀偺僨傿僫乕
15844,1024,[堖憰] 儅僢僗儖朮
15846,1024,[堖憰] 傾乕僥傿僗僩偺僔儖僋僴僢僩
15847,1024,[堖憰] 枹抦偺塇朮巕
15851,1024,[堖憰] 傄偐傄偐僯儍儞僯儍儞僋儔僂儞
15853,1024,[堖憰] 尦曮億儕儞
15858,1024,[堖憰] 僠儑僐僶僫僫儃僱僢僩
15875,1024,[堖憰] 惛楈墹偺曮姤
15876,1024,[堖憰] 彑棙偺彈恄乮愒乯
15877,2048,[堖憰] 搷偺壴偺敮忺傝
15881,1024,[堖憰] 儘僀儎儖儘乕僘儕儃儞
15882,1024,[堖憰] 億僢僾僿僢僪僼僅儞
15888,1024,[堖憰] 埆杺偺庤
15889,1024,[堖憰] 儃僀僞僞朮
15890,1024,[堖憰] 崟幹墹偺朮巕(嬥)
15893,1024,[堖憰] 懢梲恄偺姇(忋抜)
15894,1024,[堖憰] 嵞抋偺曮姤
15899,1024,[堖憰] 妎惲屆墹偺墹姤
15904,1024,[堖憰] 攷垽偺庣岇(忋抜)
15905,1024,[堖憰] 僕乕僋僼儕乕僪偺姇
15925,1024,[堖憰] 僔儘僢僾儕儞悈晽慏
15952,1024,[堖憰] 僫乕僈偺嬥姤
15953,2048,[堖憰] 孁從偒壆戜
15954,2048,[堖憰] 傢傫偵傖傫恊塹戉
18740,1024,[堖憰] 寖峍偡傞媡栄
18742,2048,[堖憰] 寧偲惎偺鄪傔偒
18744,2048,[堖憰] 僗乕僷乕僗僞乕
19015,1024,[堖憰] 嬱杺偺僿傾僶儞僪
19158,2048,[堖憰] 僕僃儈僯-S58偺栚乮惵乯
19288,1024,[堖憰] 僊僈儞僩僿儖儉
19289,2048,[堖憰] 寧偺娽懷
19290,1024,[堖憰] 僄儖僟乕僨價儖儂乕儞
19291,2048,[堖憰] 幠將
19292,1024,[堖憰] 儎儅僱僐僯僢僩朮
19293,2048,[堖憰] 僗儅乕僩傾儞僟乕儕儉儊僈僱
19294,1024,[堖憰] 僱僐儈儈僒僀僶乕僿僢僪僼僅儞(愒)
19464,1024,[堖憰] 儊儘儞僷儞僴僢僩
19466,1024,[堖憰] 偪偄偝側奀
19513,4096,[堖憰] 僯儚僩儕偺僋僠僶僔
19515,1024,[堖憰] 墿怓偄儈僯僴僢僩
19517,1024,[堖憰] 僯儚僩儕偺僩僒僇
19521,1024,[堖憰] 僨僓僀僫乕偺娵朮巕
19524,1024,[堖憰] 椢偺鎈妏
19525,1024,[堖憰] 摢娽嬀
19526,1024,[堖憰] 僿儖儉
19527,1024,[堖憰] 僔儍乕僾僿僢僪僊傾
19528,4096,[堖憰] 傾僀傾儞働僀儞
19529,1024,[堖憰] 揤巊偺僿傾僶儞僪
19532,1024,[堖憰] 僶僯乕僿傾僶儞僪(愒)
19533,1024,[堖憰] 僗億傾朮
19535,1024,[堖憰] 恄愬扥偺幚
19537,1024,[堖憰] 僌儕僼僅儞朮巕
19538,1024,[堖憰] 枮寧
19540,3072,[堖憰] 僂僒僊偺帹摉偰
19541,4096,[堖憰] 敀偄壴傃傜
19542,2048,[堖憰] 偁偔傑偺偝偝傗偒
19543,1024,[堖憰] 僆儕僶乕僆僆僇儈僼乕僪
19544,1024,[堖憰] 偨傟擫僋儖乕
19545,1024,[堖憰] 妛惗朮
19546,1024,[堖憰] 償傽儖僉儕乕僿儖儉
19547,1024,[堖憰] 巕埆杺朮
19548,1024,[堖憰] 傂偒偑偊傞偺朮巕
19549,1024,[堖憰] 儅僕僃僗僥傿僢僋僑乕僩
19550,2048,[堖憰] 傎偍峠
19551,2048,[堖憰] 梔惛偺帹
19552,4096,[堖憰] 壴傃傜
19553,4096,[堖憰] 傾僒僔儞儅僗僋
19554,6144,[堖憰] 榁恖偺壖柺
19555,3072,[堖憰] 嶰擔寧偺姇
19556,7168,[堖憰] 僇僽僉儅僗僋
19566,4096,[堖憰] 僒儉儔僀儅僗僋
19569,1024,[堖憰] 憃梩
19570,1024,[堖憰] 儅乕僉儏儕乕儔僀僓乕
19573,3072,[堖憰] 僴乕僩僂僀儞僌僿傾僶儞僪
19574,3072,[堖憰] 儘乕僪僆僽僨僗偺姇
19575,1024,[堖憰] 徃揤僽儔僢僋僪儔僑儞
19576,1024,[堖憰] 偨傟嫵峜
19577,1024,[堖憰] 10廃擭婰擮億儕儞朮
19578,3072,[堖憰] 僑乕僌儖
19580,5120,[堖憰] 僗僼傿儞僋僗朮
19581,1024,[堖憰] 朻尟壠偺朮巕
19582,1024,[堖憰] 僇僂儃乕僀僴僢僩
19583,2048,[堖憰] 媊懐偺娽懷
19584,4096,[堖憰] 奀懐偺抁寱
19585,1024,[堖憰] 塇偺儀儗乕
19586,1024,[堖憰] 僂僒僊偺僿傾僶儞僪(搷)
19587,1024,[堖憰] 僉儞僌億儕儞朮
19588,1024,[堖憰] 僱僐儈儈僉儍僢僾
19589,1024,[堖憰] 懧揤巊偺朰傟傕偺
19590,1024,[堖憰] 壋彈偺僣僀儞儕儃儞
19591,1024,[堖憰] 儕儃儞乮愒乯
19592,1024,[堖憰] 僴僀價僗僇僗
19593,1024,[堖憰] 寧宩庽偺姤
19594,1024,[堖憰] 憰忺梡僕僆僌儔僼傽乕
19595,1024,[堖憰] 僪儗僗僴僢僩
19596,1024,[堖憰] 揤巊偺朰傟傕偺
19597,1024,[堖憰] 儅僕僢僋傾僀僘
19598,3072,[堖憰] 偝偡傜偄楾偺朮巕
19599,1024,[堖憰] 僀儞僾朮巕
19600,1024,[堖憰] 偨傟僉僄儖
19601,1024,[堖憰] 偨傟僄儕僆僢僩
19602,1024,[堖憰] 僀儞價僕僽儖僉儍僢僾
19603,2048,[堖憰] 僀儞價僕僽儖僒儞僌儔僗
19604,4096,[堖憰] 僀儞價僕僽儖儅僗僋
19605,4096,[堖憰] 僊儍儞僌僗僇乕僼
19606,4096,[堖憰] 擡偺姫暔
19607,1024,[堖憰] 愒偄傂傛偙偪傖傫
19608,1024,[堖憰] 傂傛偙偪傖傫
19609,2048,[堖憰] 愒偄儊僈僱
19610,7168,[堖憰] 僂傿僗僷乕儅僗僋
19611,2048,[堖憰] 儁僐儁僐偺塇帹
19612,3072,[堖憰] 壒晞偺僿僢僪僼僅儞
19613,1024,[堖憰] 償傽儖僉儕乕僼僃僓乕僶儞僪
19614,1024,[堖憰] 僗乕僷乕僲乕價僗朮
19615,6144,[堖憰] 儘僉偺壖柺
19616,1024,[堖憰] 崟偄擫帹
19617,1024,[堖憰] 巕將偺僿傾僶儞僪
19618,1024,[堖憰] 屜偺偍柺
19621,2048,[堖憰] 埆杺偺塇帹
19622,1024,[堖憰] 嶰擔寧偺僿傾僺儞
19623,1024,[堖憰] 償傿僝僼僯儖偺塇忺傝
19625,1024,[堖憰] 僂僒僊偺僿傾僶儞僪
19626,3072,[堖憰] 帹偁偰朮
19627,1024,[堖憰] 僒僥儔僀僩僿傾僶儞僪
19628,1024,[堖憰] 僿僢僪僼僅儞
19629,1024,[堖憰] 僥傿傾儔
19630,1024,[堖憰] 僋儔僂儞
19631,1024,[堖憰] BOSS朮巕
19632,1024,[堖憰] 僴僢僩
19633,1024,[堖憰] 壴偺僿傾僶儞僪
19634,4096,[堖憰] 儅僗僋
19635,1024,[堖憰] 僾儘儁儔
19637,1024,[堖憰] 娕岇朮
19638,6144,[堖憰] 僗儅僀儖儅僗僋
19639,1024,[堖憰] 妢
19640,1024,[堖憰] 偐傢偄偄儕儃儞
19641,3072,[堖憰] 埫崟偺姇
19642,3072,[堖憰] 寧栭壴朮
19643,1024,[堖憰] 僸儏僢働偺崟偄擫帹
19644,2048,[堖憰] 恀棟偺栚塀偟
19645,3072,[堖憰] 朠檧偺姤
19646,1024,[堖憰] 儔乕儊儞
19647,1024,[堖憰] 巕埆杺朮乮愒乯
19648,1024,[堖憰] 棊偪梩
19649,1024,[堖憰] 巕擫偺敀偄擫帹
19650,1024,[堖憰] 擑怓偺塇忺傝
19652,1024,[堖憰] 僂僒僊偺杺弍朮巕
19653,1024,[堖憰] 惞側傞儅乕僠儞僌僴僢僩
19654,1024,[堖憰] 慏挿偺朮巕
19655,1024,[堖憰] 僥傿儔儎儃僱僢僩
19656,1024,[堖憰] 揱愢偺嬦梀帊恖偺朮巕
19657,1024,[堖憰] 僉儍僾僥儞僴僢僩
19658,1024,[堖憰] 旔弸抧偺朮巕
19659,1024,[堖憰] 栄巺偺朮巕乮奃乯
19660,1024,[堖憰] 僐僢億儔
19661,1024,[堖憰] 僗僂傿乕僩儃僱僢僩
19662,1024,[堖憰] 僔儖僋僴僢僩
19664,1024,[堖憰] 僉儍儞僷僗僼僃僗僥傿僶儖
19665,1024,[堖憰] 億儕儞働乕僉朮
19666,1024,[堖憰] 帹偁偰僯僢僩朮
19667,1024,[堖憰] 僪儔僌乕儞僿儖儉
19668,1024,[堖憰] 晽偺摴昗
19669,2048,[堖憰] 儗僊儞儗僀償偺梼
19670,1024,[堖憰] 僒僓儞僋儘僗
19671,1024,[堖憰] 傇偨偝傫挋嬥敔
19672,4096,[堖憰] 億儕儞偺庤巻
19673,3072,[堖憰] 攷垽偺庣岇
19674,6144,[堖憰] 埆婼偺壖柺
19675,1024,[堖憰] 旘傃挼偹億儕儞
19676,1024,[堖憰] 儗僀儞儃乕億儕儞
19677,1024,[堖憰] 僜僂儖儗僗僂傿儞僌
19678,1024,[堖憰] 彫偝側楅偺儕儃儞
19679,2048,[堖憰] 娵偄摰
19680,6144,[堖憰] 傌傠傝傫儅僗僋
19681,1024,[堖憰] 僔儖僶乕僥傿傾儔
19682,1024,[堖憰] 僒儞僞億儕儞朮
19683,4096,[堖憰] 娒偄僉儍儞僨傿
19684,1024,[堖憰] 僴僢僺乕傾僼儘偐偮傜
19685,1024,[堖憰] 僔儍僀僯儞僌僒儞僞億儕儞朮
19686,1024,[堖憰] 僒儞僞恖宍僿傾僶儞僪
19687,1024,[堖憰] 悙乆偟偄僶儔
19688,1024,[堖憰] 壴偺僇僠儏乕僔儍
19689,7168,[堖憰] 僷僌僟儎
19690,1024,[堖憰] 崟幹墹偺朮巕
19691,1024,[堖憰] 僽儖乕儕儃儞
19692,4096,[堖憰] 慏挿偺僷僀僾
19693,1024,[堖憰] 嶰抜億儕儞朮
19694,1024,[堖憰] 晽幵偺偐傫偞偟
19695,1024,[堖憰] 杺朄偺傗偐傫
19696,1024,[堖憰] 側偐傛偟儌僠儕儞朮
19697,1024,[堖憰] 儖僪儖僼偺僒儞僞朮
19698,1024,[堖憰] 儃乕僀僼儗儞僪曞廤朮
19699,1024,[堖憰] 僈乕儖僼儗儞僪曞廤朮
19700,1024,[堖憰] RWC2012彑棙偺墹姤
19701,1024,[堖憰] 愒偄儃儞僱僢僩
19702,1024,[堖憰] 偐傢偄偄僒儞僞朮
19703,1024,[堖憰] 傾僼儘偐偮傜(崟)
19704,1024,[堖憰] 傾僼儘偐偮傜乮愒乯
19705,1024,[堖憰] 傾僼儘偐偮傜(墿)
19706,1024,[堖憰] 恀偭愒側僪儗僗僴僢僩
19709,1024,[堖憰] 墿怓偺儕儃儞
19710,3072,[堖憰] 彑棙偺梼
19711,1024,[堖憰] 僇僾儔偺僿傾僶儞僪
19712,1024,[堖憰] 偨傟堅傔傞幰
19713,4096,[堖憰] 岾塣偺僋儘乕僶乕
19714,1024,[堖憰] 儗僨傿乕僞僯乕恖宍
19715,1024,[堖憰] 僗僇乕僼
19716,1024,[堖憰] 偨傟恖宍
19717,1024,[堖憰] 儕儃儞乮搷乯
19718,1024,[堖憰] 僑僔僢僋僿僢僪僪儗僗
19719,1024,[堖憰] 僐儘僱僢僩
19720,1024,[堖憰] 僆乕儖僪僗僞乕儘儅儞僗
19721,1024,[堖憰] 僟乕僋僱僗僿儖儉
19722,2048,[堖憰] 崟墢儊僈僱
19723,1024,[堖憰] 惞壩姤
19724,1024,[堖憰] 偨傟僨傿僼僅儖僥乕恖宍
19725,7168,[堖憰] 僷儞戃
19726,4096,[堖憰] 恀峠偺錕錘
19727,1024,[堖憰] 僨價儖儕儞僌朮
19728,1024,[堖憰] 偨傟僕儑儞僟
19729,1024,[堖憰] 僇僾儔偺擫帹僿傾僶儞僪
19731,1024,[堖憰] 埆杺偺僿傾僶儞僪
19732,6144,[堖憰] 僑僽儕儞儕乕僟乕偺壖柺
19733,1024,[堖憰] 僷儞僟朮
19734,2048,[堖憰] 朷墦嬀
19735,2048,[堖憰] 偊傜僿儖儉
19736,6144,[堖憰] 僈僗儅僗僋
19737,1024,[堖憰] 僐儖僙傾
19738,1024,[堖憰] 柤扵掋朮
19740,1024,[堖憰] 僊儖僪儊儞僶乕曞廤朮
19741,1024,[堖憰] 儅僕僃僗僥傿僢僋僨價儖儂乕儞
19743,7168,[堖憰] 傾僰價僗偺朮巕
19744,1024,[堖憰] 幗崟偺儕儃儞
19745,1024,[堖憰] 恀偭愒側儅乕僠儞僌僴僢僩
19746,7168,[堖憰] 埫崟偺僼乕僪
19747,6144,[堖憰] 僞僫僩僗偺愨朷壖柺
19748,3072,[堖憰] 僟僀傾僨儉
19749,1024,[堖憰] 嬥偺嵃偺儕儞僌
19750,1024,[堖憰] 僙僀儞僩僼儕儖儕儃儞
19751,1024,[堖憰] 岝偲埮偺捔嵃姤
19752,2048,[堖憰] 曐岇偡傞幰偺梼
19753,1024,[堖憰] 戝嬻偺朮巕
19754,3072,[堖憰] 恀幚偺垽
19755,2048,[堖憰] 懢嬌偺帹忺傝
19756,3072,[堖憰] 惞曣偺帨垽
19757,1024,[堖憰] 悋楡偺姤
19758,1024,[堖憰] 偐偊傞墹巕偺朮巕
19759,1024,[堖憰] 傾儞僽儗儔僴僢僩
19760,3072,[堖憰] 擑怓偺償僃乕儖
19761,1024,[堖憰] 儂儚僀僩儕儕乕
19762,1024,[堖憰] 岾暉偲暯榓偺徹
19763,1024,[堖憰] 偨傟儕乕僼僉儍僢僩
19764,4096,[堖憰] 偔傢偊偨僇乕僪
19766,1024,[堖憰] 悽奅庽偺朮巕
19767,1024,[堖憰] 桱嫿偺僒僋儔
19768,1024,[堖憰] 嶗壴姤
19769,2048,[堖憰] 偄偨偢傜側梔惛
19770,4096,[堖憰] 恀偭愒側攖
19771,1024,[堖憰] 挶偺僿傾僺儞
19772,1024,[堖憰] 儈僣僶僠偺朮巕
19773,1024,[堖憰] 僄儞僕僃儕儞僌僿傾僺儞
19774,1024,[堖憰] 峜掗偺寧宩姤
19775,1024,[堖憰] 儅乕償僃儔僗傾僼儘偐偮傜
19776,2048,[堖憰] 傗傫偪傖側梔惛偺帹
19777,1024,[堖憰] 偒傜偒傜惎
19778,1024,[堖憰] 僗僩儘儀儕乕僴僢僩
19780,1024,[堖憰] 偆偝帹僯僢僩朮
19781,2048,[堖憰] 揤巊偺塇帹
19782,1024,[堖憰] 偨傟擫
19784,1024,[堖憰] 儌儕僈儞偺僿儖儉
19785,4096,[堖憰] 偙傫偑傝僩乕僗僩
19786,1024,[堖憰] 儈僗僩儗僗偺墹姤
19787,2048,[堖憰] 僆僢僪傾僀
19788,2048,[堖憰] 僴乕僩偺娽懷
19789,1024,[堖憰] 僗僀乕僩僕僃儞僩儖
19790,1024,[堖憰] 償僃乕儖
19791,6144,[堖憰] 傾儔乕儉偺壖柺
19792,6144,[堖憰] 僑僽儕儞巐抝偺壖柺
19793,6144,[堖憰] 僑僽儕儞嶰抝偺壖柺
19794,6144,[堖憰] 僑僽儕儞屲抝偺壖柺
19795,1024,[堖憰] 儘乕僪僒乕僋儗僢僩
19796,1024,[堖憰] 儃乕儞僿儖儉
19797,1024,[堖憰] 柤幩庤偺傝傫偛
19798,4096,[堖憰] 搟偭偨岥
19799,1024,[堖憰] 僑乕儖僨儞僿僢僪僊傾
19800,1024,[堖憰] 僇乕僱乕僔儑儞偺敮忺傝
19801,6144,[堖憰] 敀屜偺壖柺
19802,1024,[堖憰] 偨傟嬨旜屜
19803,1024,[堖憰] 晽幵朮巕
19804,1024,[堖憰] 峠偄晽幵偺偐傫偞偟
19805,4096,[堖憰] 嬛庺偺姫暔
19806,1024,[堖憰] 嶗壴啵枱偺偐傫偞偟
19807,1024,[堖憰] 埿晽檢慠偺姇
19808,1024,[堖憰] 擱偊傞懢梲
19809,1024,[堖憰] 僯儏乕僇僂儃乕僀僴僢僩
19810,2048,[堖憰] 僀僼儕乕僩偺帹
19811,1024,[堖憰] 價乕儖朮巕
19812,1024,[堖憰] 戝偒側僴僀價僗僇僗
19813,1024,[堖憰] 傾僀僗僋儕乕儉朮巕
19814,1024,[堖憰] 僔儍僀僯乕傾僼儘偐偮傜
19815,1024,[堖憰] 儘儕乕僞僥儞僈儘儞僴僢僩
19816,1024,[堖憰] 儁僐儁僐僉儍僢僾
19817,4096,[堖憰] 僀僼儕乕僩偺懅
19818,1024,[堖憰] 偨傟儌儘僋偺尰恎乮恖娫宆乯
19819,3072,[堖憰] 僱僋儘儅儞僒乕偺摢嬓
19820,1024,[堖憰] 奫崪偺僐僒乕僕儏
19821,7168,[堖憰] 僸僃僌儞朮
19822,1024,[堖憰] 墿怓偺摢嬓
19823,3072,[堖憰] 敀擫偺僼乕僪
19824,1024,[堖憰] 僀價儖僪儖僀僪朮
19825,2048,[堖憰] 幾娽晻偠偺曪懷
19826,2048,[堖憰] 昘偺塇帹
19827,1024,[堖憰] 傾儈僗僩儖僉儍僢僾
19828,1024,[堖憰] 傗傢傜偐偄朮巕
19829,1024,[堖憰] 敒傢傜朮巕
19830,2048,[堖憰] 僒儞僌儔僗
19831,1024,[堖憰] 摢忔傝僼傿乕儕儖
19832,1024,[堖憰] 億儕儞朮
19833,1024,[堖憰] 儕儃儞偺僿傾僶儞僪
19834,1024,[堖憰] 栰媴朮
19835,1024,[堖憰] 偨傟儕乕僼
19836,1024,[堖憰] 戝宆儅僕僃僗僥傿僢僋僑乕僩
19839,1024,[堖憰] 僶僯儖儈儖僩偺朮巕
19841,1024,[堖憰] 墹幰偺巶巕摢乮摵乯
19842,1024,[堖憰] 偍嵗傝僀僰
19843,1024,[堖憰] 擫帹偺僿傾僶儞僪
19844,1024,[堖憰] 娵偄傏偆偟
19845,1024,[堖憰] 僔僯儑儞僉儍僢僾
19846,2048,[堖憰] 僼傽儞僩儉儅僗僋
19847,1024,[堖憰] 戝偒側儕儃儞
19848,1024,[堖憰] 惷偐側僄儞僕僃儕儞僌朮
19849,7168,[堖憰] 儉僫僢僋朮
19850,7168,[堖憰] 儃儞僑儞朮
19851,1024,[堖憰] 偔傑朮巕
19852,1024,[堖憰] 僈儔僷僑朮
19853,2048,[堖憰] 僼傿乕儕儖偺塇帹
19855,1024,[堖憰] 僴僢僺乕僒儅乕傾僼儘
19856,1024,[堖憰] 偐偒昘
19857,1024,[堖憰] 揤奀榁朮
19858,1024,[堖憰] 曄恎栘偺梩
19861,1024,[堖憰] 僴乕僩偺僿傾僺儞
19862,1024,[堖憰] 僒僉儏僶僗偺妏
19863,1024,[堖憰] 僀儞僉儏僶僗偺妏
19865,1024,[堖憰] 僺僄儘偺朮巕
19866,1024,[堖憰] 惵偄僷僕儍儅朮巕
19867,1024,[堖憰] 愒偄僷僕儍儅朮巕
19868,1024,[堖憰] 僼僃僓乕僽儔僂儞僴僢僩
19869,1024,[堖憰] 夌棿偺鉪嬓
19870,1024,[堖憰] 揺帹朮巕(崟)
19872,6144,[堖憰] 僆儁儔壖柺
19873,1024,[堖憰] 儊僗僩儕丒僒儔偺朮巕
19874,1024,[堖憰] 億儖僞丒僶儞僨僀儔偺僥傿傾儔
19875,7168,[堖憰] 儔僽儔價僢僩僼乕僪
19876,1024,[堖憰] 揺帹朮巕
19877,2048,[堖憰] 僟乕僋僱僗傾僀僘
19878,1024,[堖憰] 偨傟偆偝偓
19879,1024,[堖憰] 僶僯乕僿傾僶儞僪
19880,1024,[堖憰] 僑乕儖僪僥傿傾儔
19881,7168,[堖憰] 僾儕僥傿儔價僢僩僼乕僪
19882,6144,[堖憰] 僼儔儚乕億僢僩儅僗僋
19883,1024,[堖憰] 僺傾儊僢僩摢嬓
19884,1024,[堖憰] 償傽僫儖僈儞僪偺姇
19885,2048,[堖憰] 栚塀偟
19886,2048,[堖憰] 崅媺僒儞僌儔僗
19887,2048,[堖憰] 曅栚娽嬀
19888,2048,[堖憰] 僌儔僗
19889,2048,[堖憰] 僣僀儞儕儃儞
19890,1024,[堖憰] 偲傫偑傝朮巕
19891,1024,[堖憰] 傔偩傑傗偒
19901,1024,[堖憰] 僆乕僋懓偺僿儖儉
19902,4096,[堖憰] 僞僶僐
19903,1024,[堖憰] 杺彈偺朮巕
19904,1024,[堖憰] 僗僇儖僉儍僢僾
19905,7168,[堖憰] 旈枾寢幮偺摢嬓
19906,2048,[堖憰] 擇巐幃儃儖僩
19907,3072,[堖憰] 攈庤側僼傽儞僩儉儅僗僋
19908,1024,[堖憰] 摴壔巘偺朮巕
19909,1024,[堖憰] 巕埆杺朮乮敀乯
19910,1024,[堖憰] 僴儘僂傿儞僴僢僩
19911,1024,[堖憰] 嶰妏壆崻朮巕
19912,2048,[堖憰] 擫栚
19913,1024,[堖憰] 偁傟
19914,1024,[堖憰] 儁儖儘僢僋偺朮巕
19915,1024,[堖憰] 僶僼僅儊僢僩儂乕儞
19916,1024,[堖憰] 崟擫朮巕
19917,1024,[堖憰] 僷儞僾僉儞僴僢僩2013
19918,6144,[堖憰] 儖乕僪儅僗僋
19919,6144,[堖憰] 僉儏乕僽儅僗僋
19921,3072,[堖憰] 偨傟儚僀儖僪儘乕僘
19922,1024,[堖憰] 僲傾偺朮巕
19923,1024,[堖憰] 僟乕僋僄僀僕
19924,6144,[堖憰] 僆乕僨傿儞儅僗僋
19925,2048,[堖憰] 偲傫傏偺曅娽嬀
19926,1024,[堖憰] 儕儃儞乮崟乯
19927,1024,[堖憰] 偨傟擫乮奃乯
19928,3072,[堖憰] 僑僔僢僋僂僀儞僌僿傾僶儞僪
19929,1024,[堖憰] 僋儔僔僇儖儕儃儞
19930,1024,[堖憰] 揤巊偺儈僯僔儖僋僴僢僩
19931,1024,[堖憰] 傗傞婥偺側偄僞僰僉
19932,1024,[堖憰] 巔惃嫺惓朮
19933,1024,[堖憰] 僙僽儞-僀儗僽儞僿僢僪儂儞
19934,1024,[堖憰] 惗偗傞墛偺僥儞僈儘儞僴僢僩
19935,1024,[堖憰] 柤忬偟偑偨偒晽偺僴儞僠儞僌僉儍僢僾
19936,1024,[堖憰] 戝偄側傞悈偺僯僢僩僉儍僢僾
19937,1024,[堖憰] 柍宍側傞抧偺僔儖僋僴僢僩
19939,1024,[堖憰] 幁偺妏
19940,4096,[堖憰] 僺僄儘偺旲
19941,1024,[堖憰] 帹摉偰
19942,1024,[堖憰] 棖偺僿傾僶儞僪
19943,3072,[堖憰] 嵸敾姱偺朮巕
19944,1024,[堖憰] 彑棙偺彈恄乮巼乯
19945,1024,[堖憰] 攅幰偺姇乮摵乯
19946,1024,[堖憰] 捀揰傊偺僔儍僩儖乮惵乯
19947,4096,[堖憰] 儗僀儞儃乕僗僇乕僼
19948,1024,[堖憰] 抧媴
19949,1024,[堖憰] RWC2013婰擮朮巕
19950,1024,[堖憰] 僾儕儞僙僗僥傿傾儔
19951,7168,[堖憰] 僇乕僪儃乕僪儃僢僋僗
19952,4096,[堖憰] 僠儏乕僀儞僈儉
19953,1024,[堖憰] 僷儗乕僪朮
19954,2048,[堖憰] 3D儊僈僱
19955,1024,[堖憰] 惞側傞僋儕僗儅僗僣儕乕
19956,1024,[堖憰] 僋儖乕僓乕朮
19957,1024,[堖憰] 僗僋乕僞乕僿儖儊僢僩
19958,1024,[堖憰] 惞壧戉偺朮巕
19959,1024,[堖憰] 偨傟傾儖僊僆儁
19960,1024,[堖憰] 僠僃乕儞僷儁僢僩
19961,1024,[堖憰] 儖乕儞僒乕僋儗僢僩
19962,1024,[堖憰] 儈僩儔
19963,1024,[堖憰] 僪儔僀僶乕僶儞僪(愒)
19964,1024,[堖憰] 僪儔僀僶乕僶儞僪(墿)
19965,1024,[堖憰] 僔儍僪僂僋儔僂儞
19966,1024,[堖憰] 儈儞僗僩儗儖僜儞僌偺朮巕
19967,1024,[堖憰] 儈僟僗偺偝偝傗偒
19968,1024,[堖憰] 杺椡愇偺朮巕
19969,1024,[堖憰] 僽儗僀僕儞僌僜僂儖
19970,1024,[堖憰] 晽偺偝偝傗偒
19971,1024,[堖憰] 僶儗儕乕僫偺敮忺傝
19972,1024,[堖憰] 庣岇偺姤
19973,1024,[堖憰] 儃乕儞僒乕僋儗僢僩
19974,1024,[堖憰] 柪嵤僂僒僊僼乕僪
19975,1024,[堖憰] 儀儗乕BOSS朮巕
19976,1024,[堖憰] 僱僐儈儈僒儞僞朮
19981,4096,[堖憰] 僒儞僞偺傂偘
19982,1024,[堖憰] 僒儞僞偺傏偆偟
19983,1024,[堖憰] 壴偺偐傫偞偟
19984,1024,[堖憰] 僼傽僢僔儑儞杊姦朮
19985,1024,[堖憰] 僆乕儔僋僅乕僣偺姤
19986,1024,[堖憰] 儖僫僥傿僢僋朮巕
19987,1024,[堖憰] 栄巺偺朮巕乮惵乯
19988,1024,[堖憰] 僄儖僟乕僋儔僂儞
19989,2048,[堖憰] 儉乕僩儞儔僀僼
19990,1024,[堖憰] 備偒偆偝僯僢僩朮
19991,1024,[堖憰] 僈儔儞僒僗僈乕僪
19992,4096,[堖憰] 椻偨偄嬻婥
19993,4096,[堖憰] 偔傢偊偨偍偵偓傝
19995,2048,[堖憰] 僼儔儚乕僆乕僨僐儘儞
20000,1024,[堖憰] 僱僘儈朮(愒)
20004,3072,[堖憰] 戝偒側嬥偺楅
20005,2048,[堖憰] 揤攏偺塇帹
20006,7168,[堖憰] 僟乕僋僫僀僩儅僗僋
20007,1024,[堖憰] 妏姇
20008,1024,[堖憰] 棿彨孯偺姇
20009,1024,[堖憰] 棿偺奫崪
20010,2048,[堖憰] 擑怓偺塇帹
20011,1024,[堖憰] 幘晽恦棆
20012,1024,[堖憰] 僟僽儖儂乕儞僿儖儉
20013,1024,[堖憰] 僐僢僋朮
20014,1024,[堖憰] 戝摑椞偺朮巕
20015,4096,[堖憰] 戝摑椞偺傂偘
20016,1024,[堖憰] 僪儕乕儉僨傿僫乕朮
20017,1024,[堖憰] 儅儕僆僱僢僩恖宍
20018,1024,[堖憰] 屜帹
20019,1024,[堖憰] 僨僓僀僫乕偺朮巕
20020,1024,[堖憰] 偨傟儁僋僜僕儞
20021,1024,[堖憰] 僴乕僩偺儕儃儞偺僿傾僶儞僪
20022,4096,[堖憰] 垽偟偝偺寚曅
20023,1024,[堖憰] 儗僢僪儀儗乕
20024,1024,[堖憰] 儕儃儞乮庨乯
20029,4096,[堖憰] 僔儏僈乕僪乕僫僣
20030,4096,[堖憰] 僠儑僐僪乕僫僣
20031,1024,[堖憰] 僶僯乕僿僢僪僪儗僗
20032,1024,[堖憰] 僼傿乕儕儞僩僗僇乕僼
20033,1024,[堖憰] 朄巘姤
20035,4096,[堖憰] 婏愓偺惵錕錘
20036,1024,[堖憰] 寱惞偺墹姤
20037,1024,[堖憰] 僆僂儖僨儏乕僋偺僔儖僋僴僢僩
20039,2048,[堖憰] 挶偺憷帹
20040,1024,[堖憰] 錕錘偺壴姤
20041,1024,[堖憰] 戝抧曣恄偺壴忺傝
20042,1024,[堖憰] 僿儖儌乕僘僉儍僢僾
20043,4096,[堖憰] 峠嶗
20044,1024,[堖憰] 僇儖儊儞儈儔儞僟偺朮巕
20045,3072,[堖憰] 僒儅儞僶僀傾
20046,1024,[堖憰] 惵錕錘偺忺傝
20047,2048,[堖憰] 婩朼僲嶗
20048,1024,[堖憰] 憪尨偺晽
20049,1024,[堖憰] 鉐憂峱
20050,1024,[堖憰] 妛幰朮
20051,1024,[堖憰] 掆巭昞帵斅
20052,1024,[堖憰] 偍抦傜偣娕斅
20054,4096,[堖憰] 愒偪傖傫偺偍偟傖傇傝
20055,1024,[堖憰] 朣幰偺僿傾僶儞僪
20056,1024,[堖憰] 僼儔儚乕償僃乕儖
20057,1024,[堖憰] 塇栄朮巕
20058,1024,[堖憰] 擬寣敨姫偒
20059,6144,[堖憰] 梟愙儅僗僋
20060,1024,[堖憰] 岺帠朮
20061,4096,[堖憰] 僨儌梡偺儅僗僋
20062,1024,[堖憰] 僄儞僕僃儖僗僥傾乕僘
20065,3072,[堖憰] 僌儔儞儁僐偺僿傾僶儞僪
20066,1024,[堖憰] 儁僐儁僐偺僿傾僶儞僪
20067,1024,[堖憰] 偼偹傞僂僒僊偺僿傾僶儞僪
20068,1024,[堖憰] 偼偹傞僶僯乕僿傾僶儞僪
20069,1024,[堖憰] 僌儕僼僅儞偺僿傾僶儞僪
20070,1024,[堖憰] 傾儖僷僇偺僼乕僪
20071,4096,[堖憰] 偔傢偊偨僂僅乕僌
20073,1024,[堖憰] 僿傾僶儞僪
20074,1024,[堖憰] 價儗僞
20075,1024,[堖憰] 儕僩儖僼僃僓乕僴僢僩
20076,2048,[堖憰] 僀僪僁儞偺塇帹
20077,2048,[堖憰] 僂僀儞僌僼儗乕儉僒儞僌儔僗
20078,1024,[堖憰] 儂儚僀僩僼僃僓乕
20079,1024,[堖憰] 庡揤巊偺朰傟傕偺
20080,1024,[堖憰] 僔儍乕儅儞偺敮忺傝
20081,1024,[堖憰] 儊僞儖僪儔僑儞偺姇
20082,1024,[堖憰] 儊僞儖僪儔僑儞偺朮巕
20083,1024,[堖憰] 儈僗儕僢僩偺朮巕
20084,1024,[堖憰] 僔儘僣儊僋僒偺壴姤
20085,1024,[堖憰] 僋儘乕僶乕偺僔儖僋僴僢僩
20086,1024,[堖憰] 旘棿忔塤朮
20090,1024,[堖憰] 憰忺梡棏妅
20091,4096,[堖憰] 僷僀僾僞僶僐
20092,1024,[堖憰] 僙乕儖昞帵斅
20093,1024,[堖憰] 僂傿僓乕僪僴僢僩
20094,1024,[堖憰] 僌儕乕儞僿傾僶儞僪
20095,1024,[堖憰] 儗僢僪僿傾僶儞僪
20096,1024,[堖憰] 僽儖乕僿傾僶儞僪
20097,1024,[堖憰] 儂儚僀僩僿傾僶儞僪
20098,1024,[堖憰] 償傽儞僷僀傾偺僿傾僶儞僪
20099,1024,[堖憰] 儕儑乕僗傾乕儖償
20100,1024,[堖憰] 儃儕儏乕儉僼僃僓乕僴僢僩
20101,2048,[堖憰] 僽儔僊偺塇帹
20102,7168,[堖憰] 攏墹
20103,1024,[堖憰] 偔偭偮偒僷儞僟
20104,1024,[堖憰] 偡偭偛偄僺僢僉
20105,1024,[堖憰] 嫑朮巕
20106,1024,[堖憰] 僋儔僔僢僋僴僢僩
20107,4096,[堖憰] 偔傢偊偨嫑
20108,2048,[堖憰] 僴儞僞乕僌儔僗
20109,1024,[堖憰] 僕儑儕乕儘僕儍乕
20110,1024,[堖憰] 偲偖傠傪姫偄偨幹朮巕
20112,1024,[堖憰] 傾僋傾僥儞僈儘儞僴僢僩
20113,1024,[堖憰] 惎塺傒偺朮巕
20114,1024,[堖憰] 憭幃梡偺朮巕
20115,2048,[堖憰] 傾儞僟乕儕儉儊僈僱
20116,2048,[堖憰] 儅乕儊僀僪僿僢僪僼僅儞
20117,1024,[堖憰] 儔僘儀儕乕儉乕僗僴僢僩
20118,1024,[堖憰] 働乕僉朮
20119,1024,[堖憰] 栄巺偺朮巕
20120,1024,[堖憰] 傾儞僥僫
20121,1024,[堖憰] 敀悋楡偺姤
20122,1024,[堖憰] 僴僢僺乕僒儅乕儕儃儞
20123,2048,[堖憰] 嵘傓栚
20124,2048,[堖憰] 挶偺壖柺
20125,2048,[堖憰] 儈僯僌儔僗
20126,6144,[堖憰] 僞僫僩僗偺憺埆壖柺
20127,1024,[堖憰] 怺暎偺姇
20128,1024,[堖憰] 儕儉乕僶偺朮巕
20129,1024,[堖憰] 億億儕儞朮
20130,1024,[堖憰] 僂傿僗僷乕僩乕儖僴僢僩
20131,2048,[堖憰] 帪寁搩娗棟幰偺僀儞僇儉
20132,4096,[堖憰] 巚擮偺僆乕儔
20133,1024,[堖憰] 億儕儞偺旐傝暔
20134,1024,[堖憰] 敀偒怺暎偺婻巑偺姇
20137,1024,[堖憰] 摫壩慄
20138,1024,[堖憰] 儔僢僐朮
20139,1024,[堖憰] 儈僯廽偄嬵(惵)
20140,1024,[堖憰] 儈僯廽偄嬵(巼)
20142,2048,[堖憰] 僴乕僩僼傽儞僨乕僔儑儞
20144,2048,[堖憰] 屆戙梔惛偺帹
20146,2048,[堖憰] 彈恄偺壖柺
20148,1024,[堖憰] 僲乕僽儖僴僢僩
20149,2048,[堖憰] 榋巐幃娽嬀
20150,4096,[堖憰] 晽恄偺愵
20151,1024,[堖憰] 億僀僘儞僗億傾朮
20152,7168,[堖憰] 暷昒
20153,1024,[堖憰] 儌僲僋儘乕儉僉儍僢僾
20154,4096,[堖憰] 晳偄棊偪傞峠梩
20155,1024,[堖憰] 婱晈恖偺塇朮巕
20156,4096,[堖憰] 峠偺愵
20157,1024,[堖憰] 惵偄嫑
20158,1024,[堖憰] 僒乕僋儗僢僩
20159,1024,[堖憰] 惵偄僶儞僟僫
20161,1024,[堖憰] 僾儘儞僥儔孯朮
20162,3072,[堖憰] 敀梤栄朮巕
20163,3072,[堖憰] 搷梤栄朮巕
20164,1024,[堖憰] 僪僁僱僀乕儖偺姇
20165,1024,[堖憰] 僥儞僪儕儖儕僆儞朮
20166,6144,[堖憰] 僑乕儖僥儞僟乕儅僗僋
20167,1024,[堖憰] 僨價儖僠僿僢僪僼僅儞
20168,7168,[堖憰] 僗僇儖僼乕僪
20169,4096,[堖憰] 挿偄愩
20170,1024,[堖憰] 巕埆杺朮乮奃乯
20171,1024,[堖憰] 僙僺傾僉儍僢僾
20172,1024,[堖憰] 僷儞僾僉儞僿僢僪
20173,1024,[堖憰] 儖乕僪僼乕僪
20174,1024,[堖憰] 烌怓偺僴儘僂傿儞僴僢僩
20175,1024,[堖憰] 僨傿傾儃儕僢僋僿僢僪僼僅儞
20176,6144,[堖憰] 僴僢僺乕僺僄儘壖柺
20177,1024,[堖憰] 偨傟僪儔彆
20178,1024,[堖憰] 壖弶傔偺楒
20179,1024,[堖憰] 僒儖偺朮巕
20181,1024,[堖憰] 儈僗僥傿僢僋儘乕僘
20182,1024,[堖憰] 傑偩傜棏妅
20184,1024,[堖憰] 僷乕僥傿乕朮
20185,1024,[堖憰] 僼傽僢僔儑儞僒儞僌儔僗
20186,1024,[堖憰] 儅僌僯僉儍僢僾
20187,1024,[堖憰] 僼儕僢僌偺僒乕僋儗僢僩
20188,1024,[堖憰] 儌儖僼僃僂僗偺摢嬓
20189,1024,[堖憰] 僑償僯儏偺姇
20190,1024,[堖憰] 偙偭偙偪傖傫
20191,1024,[堖憰] 僱僐儈儈儀儗乕
20192,4096,[堖憰] 擫偠傖傜偟
20193,4096,[堖憰] 彫敒
20194,3072,[堖憰] 巶巕墹偺姇
20195,6144,[堖憰] 傂偭偐偒擫
20196,1024,[堖憰] 僸儑僂暱帹偁偰朮
20197,1024,[堖憰] 傾儈僗僩儖儀儗乕
20198,1024,[堖憰] 儈僗僥傿偺拑怓偄擫帹
20200,1024,[堖憰] 儂儚僀僩儔價僢僩儃儞僱僢僩
20203,1024,[堖憰] 摢嬓
20204,1024,[堖憰] 僴儞僥傿儞僌僉儍僢僾
20205,1024,[堖憰] 憰忺梡壴
20207,1024,[堖憰] 幦偺僶儞僟僫
20208,1024,[堖憰] 庰崑偺僱僋僞僀
20209,4096,[堖憰] 儗僀儞儃乕僶僽儖
20211,7168,[堖憰] 撗摢嬓
20212,1024,[堖憰] 僯乕僘僿僢僌&儘僉朮
20213,2048,[堖憰] 僼儖儞僌僯儖偺杺娽
20214,1024,[堖憰] 幾埆側儅乕僠儞僌僴僢僩
20215,2048,[堖憰] 崟偄埆杺偺壖柺
20216,1024,[堖憰] 儔僀僪儚乕僪朮
20217,5120,[堖憰] 傾儔價傾儞償僃乕儖
20218,1024,[堖憰] 僗儁儖僒乕僉僢僩
20219,1024,[堖憰] 揤巊偺儅乕僠儞僌僴僢僩
20220,3072,[堖憰] 埫栭偺償僃乕儖
20221,2048,[堖憰] 僀僼儕乕僩偺杺娽
20222,1024,[堖憰] 傾僯僶乕僒儕乕朮
20223,4096,[堖憰] 憪偺梩
20224,1024,[堖憰] 愒偄儕儃儞
20226,1024,[堖憰] 僕儍儞儃僐乕儉
20229,1024,[堖憰] 傑偹偒栞壴
20230,6144,[堖憰] 攋嶻幰偺壖柺
20231,1024,[堖憰] 愥偩傞傑朮巕
20232,1024,[堖憰] 僙儕乕僰偺儕儃儞
20234,7168,[堖憰] 傆偐傆偐嶳梤朮
20235,4096,[堖憰] 搥搚偺錕錘
20236,1024,[堖憰] 傾乕僋僄儞僕僃儕儞僌朮
20237,1024,[堖憰] 栄巺偺朮巕乮搷乯
20238,1024,[堖憰] 偨傟擫乮惵乯
20239,4096,[堖憰] 戝偒偄儕儃儞儅僼儔乕
20240,4096,[堖憰] 愥偺憽傝暔
20241,1024,[堖憰] 僄僋儕僾僗朮巕
20242,1024,[堖憰] 僗僲僂僲僂朮巕
20243,1024,[堖憰] 僠儑僐儈儞僩儃僱僢僩
20244,3072,[堖憰] 僕儖僞僗偺壖柺
20245,1024,[堖憰] 擏媴偺僿傾僺儞
20247,1024,[堖憰] 僟乕僋僴儞僪
20249,1024,[堖憰] 妐乆偲擱備傞媡栄
20250,1024,[堖憰] 敀嬧偵鄪傔偔媡栄
20251,1024,[堖憰] 儘乕僘僉儍僗働僢僩
20252,1024,[堖憰] 摴巑偺憰忺
20253,1024,[堖憰] 偨傟僄儕僙儖
20254,1024,[堖憰] 儕儃儞乮墿乯
20255,2048,[堖憰] 戝岲偒傎偭傌
20256,1024,[堖憰] 僴僯乕僷儞働乕僉
20257,1024,[堖憰] 僽儔僢僋儔價僢僩儃儞僱僢僩
20258,1024,[堖憰] 僽儖乕僿僢僪僪儗僗
20259,4096,[堖憰] 僺儞僋偺僋儘乕僶乕
20260,1024,[堖憰] 僗僞乕僟僗僩
20261,1024,[堖憰] 廫帤壦偺僿傾僶儞僪
20262,1024,[堖憰] 屜帹楅儕儃儞
20263,1024,[堖憰] 柊傝擫
20264,4096,[堖憰] 僽儔僢僪僒僢僇乕
20265,1024,[堖憰] 捁偺憙
20266,1024,[堖憰] 旈枾偺僠儍僢僋
20267,1024,[堖憰] 儁儞僊儞僉儍僢僾
20268,1024,[堖憰] 柊傝僄僋儕僾僗恊巕
20269,1024,[堖憰] 敀屜帹楅儕儃儞
20270,2048,[堖憰] 僌儕僼僅儞偺塇帹
20271,1024,[堖憰] 憰忺梡傂傑傢傝
20273,1024,[堖憰] 傗傢傜偐梤偺朮巕
20274,1024,[堖憰] 儂儚僀僩僠儑僐僋儅朮
20275,1024,[堖憰] 揹媴偺僿傾僶儞僪
20276,1024,[堖憰] 僉僲僐僿傾僶儞僪
20277,1024,[堖憰] 僶儖乕儞僴僢僩
20278,1024,[堖憰] 抝偺孧復
20279,4096,[堖憰] 僄乕儖儂僀僢僗儖
20280,4096,[堖憰] 偔傢偊偨偊傫傄偮
20281,1024,[堖憰] 墍帣偺朮巕
20282,1024,[堖憰] 敀偄妛惗朮
20283,1024,[堖憰] 僆乕僶乕僾儘僥僋僞乕
20284,1024,[堖憰] 偝偔傜朮
20285,4096,[堖憰] 晳偄嶶傞嶗
20286,2048,[堖憰] 傾儞僟乕儕儉儊僈僱(愒)
20287,1024,[堖憰] 抝偺孧復(嬥)
20288,1024,[堖憰] 杺彈偺嵳釰朮
20289,2048,[堖憰] 曐岇偡傞幰偺崟偄梼
20290,1024,[堖憰] 幗崟偺僀價儖僪儖僀僪朮
20291,5120,[堖憰] 僩僩儅僗僋
20292,1024,[堖憰] 嵐梾偀査
20293,1024,[堖憰] 僗儕乕僷乕朮巕
20294,1024,[堖憰] 儅僋僔儈儕傾儞丒僼僅儞丒儀儀29悽
20295,2048,[堖憰] 億儕儞僒儞僌儔僗
20296,1024,[堖憰] 儓乕儓乕朮
20297,1024,[堖憰] 僒儃僥儞朮巕
20298,2048,[堖憰] 偟偁傢偣偨傟儖僫僥傿僢僋帹
20299,6144,[堖憰] 僼僃僀僗僋儔僢僔儍乕
20300,7168,[堖憰] 僸儖僂傿儞僪儅僗僋
20301,1024,[堖憰] 墿嬥偺僒儀乕僕儀儀
20302,1024,[堖憰] 償僃儖僛僽僽偺墹姤
20303,1024,[堖憰] 儅儞僪儔僑儔僉儍僢僾
20304,1024,[堖憰] 偨偸偒朮
20306,1024,[堖憰] 僆僔儍儗側僨僓僀僫乕偺朮巕
20307,4096,[堖憰] 價僊僫乕朮
20311,2048,[堖憰] 儅僕僇儖僽乕僗僞乕
20312,2048,[堖憰] 僶儘乕儖偺杺娽
20313,4096,[堖憰] 偔傢偊偨僨傿僗僋
20314,2048,[堖憰] 僯儏乕僂僃僀僽僒儞僌儔僗
20315,4096,[堖憰] 傾僫儔僀僘傾僀
20316,1024,[堖憰] 鄷揤巊偺塇姇
20317,1024,[堖憰] 僱僐儈儈僒僀僶乕僿僢僪僼僅儞
20318,2048,[堖憰] 僠儍乕儖僗僩儞偺傾儞僥僫
20319,2048,[堖憰] 僋儕儉僝儞僽乕僗僞乕
20320,1024,[堖憰] 僶儞僟僫
20321,2048,[堖憰] 嶰楇幍幃僗僉儏乕僩
20322,1024,[堖憰] 僆僢僩乕朮
20323,4096,[堖憰] 壒偺鄪傔偒
20324,1024,[堖憰] 偼偲僴僢僩
20325,2048,[堖憰] 儕僩儖傾僋傾儕僂儉
20326,4096,[堖憰] 悈暫偺嬢
20327,1024,[堖憰] 儅儕儞僉儍僢僾
20328,4096,[堖憰] 墿嬥偺廐搧嫑
20329,1024,[堖憰] 偨傟僔儑僐儔=僶僔僯僆朮
20330,1024,[堖憰] 僜儞僽儗儘
20331,1024,[堖憰] 僨僓乕僩僾儕儞僗
20332,1024,[堖憰] 弮敀偺儕儃儞
20333,1024,[堖憰] 壠懓偺鉐
20334,1024,[堖憰] 僐儞僩儘乕儔乕
20335,2048,[堖憰] 椳栚
20338,1024,[堖憰] 梮傞僇儔僼儖側僞僐
20339,1024,[堖憰] 僼儔儚乕僒儅乕僴僢僩
20340,4096,[堖憰] 僗僩儗乕僩億僯乕(崟)
20341,4096,[堖憰] 旘傃挼偹偨栄(崟)
20342,4096,[堖憰] 備傞僂僃乕僽僣僀儞(崟)
20343,1024,[堖憰] 儊儘儞儊僢僩
20344,4096,[堖憰] 僴僢僺乕僶儖乕儞
20345,2048,[堖憰] 奀恄偺庣岇
20346,1024,[堖憰] 偨傟僷乕儊僢僩僞乕僩儖
20347,1024,[堖憰] 億儕儞奀懐抍朮
20348,1024,[堖憰] 偍偟傖傟側朮巕
20349,4096,[堖憰] 嬻旘傇僈儔僷僑
20350,4096,[堖憰] 旘傃挼偹偨栄(墿)
20351,4096,[堖憰] 旘傃挼偹偨栄(椢)
20352,4096,[堖憰] 旘傃挼偹偨栄(巼)
20353,4096,[堖憰] 旘傃挼偹偨栄(愒)
20354,4096,[堖憰] 旘傃挼偹偨栄(峠)
20355,4096,[堖憰] 旘傃挼偹偨栄(惵)
20356,4096,[堖憰] 旘傃挼偹偨栄(敀)
20357,4096,[堖憰] 僗僩儗乕僩億僯乕(墿)
20358,4096,[堖憰] 僗僩儗乕僩億僯乕(椢)
20359,4096,[堖憰] 僗僩儗乕僩億僯乕(巼)
20360,4096,[堖憰] 僗僩儗乕僩億僯乕(愒)
20361,4096,[堖憰] 僗僩儗乕僩億僯乕(峠)
20362,4096,[堖憰] 僗僩儗乕僩億僯乕(惵)
20363,4096,[堖憰] 僗僩儗乕僩億僯乕(敀)
20364,4096,[堖憰] 備傞僂僃乕僽僣僀儞(墿)
20365,4096,[堖憰] 備傞僂僃乕僽僣僀儞(椢)
20366,4096,[堖憰] 備傞僂僃乕僽僣僀儞(巼)
20367,4096,[堖憰] 備傞僂僃乕僽僣僀儞(愒)
20368,4096,[堖憰] 備傞僂僃乕僽僣僀儞(峠)
20369,4096,[堖憰] 備傞僂僃乕僽僣僀儞(惵)
20370,4096,[堖憰] 備傞僂僃乕僽僣僀儞(敀)
20371,1024,[堖憰] 偨傟儕儕傾恖宍
20372,1024,[堖憰] 儕儃儞僴僢僩
20373,1024,[堖憰] 僗僀僇朮巕
20374,1024,[堖憰] 婡夿怉暔朮
20375,1024,[堖憰] 僀僌僯僗僉儍僢僾
20376,2048,[堖憰] 儊儌儕乕僆僽儔僶乕僘
20377,1024,[堖憰] 旘峴朮
20378,7168,[堖憰] 僗僇僀儊僢僩
20379,2048,[堖憰] 夰拞帪寁偺敮忺傝
20380,1024,[堖憰] 婡夿塇崻偺僿傾僶儞僪
20381,1024,[堖憰] 僗僠乕儉僷儞僋僴僢僩
20382,1024,[堖憰] 僔儖僶乕僗僫僀僷乕恖宍
20383,1024,[堖憰] 儅僕僢僋僨僐僀恖宍
20384,1024,[堖憰] 僪僁僋僗丒僥傿傾偺僥傿傾儔
20385,3072,[堖憰] 僆乕僋僸乕儘乕偺姇
20386,1024,[堖憰] 彑棙偺僂傿儞僌僿儖儉
20387,1024,[堖憰] X帤僿傾僺儞
20388,1024,[堖憰] 傾儎儉
20389,2048,[堖憰] 儌僓僀僋
20390,6144,[堖憰] 僑僽儕儞懓偺壖柺
20391,6144,[堖憰] 捑栙偺幏峴幰
20392,3072,[堖憰] 僗僫僀僷乕僑乕僌儖
20393,3072,[堖憰] 僔儏儈僢僣偺僿儖儉
20394,1024,[堖憰] 僷儞僾僉儞僐僢僋朮
20395,1024,[堖憰] 恄旈偺杺彈朮
20398,1024,[堖憰] 僯僽儖僿僀儉僶僯乕僴僢僩
20399,2048,[堖憰] 殡揤嬬偺柺
20400,4096,[堖憰] 僀僋僩僁僗偺儘僓儕僆
20401,1024,[堖憰] 揤巊偺摫偒
20402,3072,[堖憰] 惞側傞僋儘僽乕僋
20403,1024,[堖憰] 偨傟僞僫僩僗偺嬯擸
20404,2048,[堖憰] 揤巊偨偪偺廽暉
20405,4096,[堖憰] 僄儗儊僗=僈僀儖偺僗僇乕僼
20406,2048,[堖憰] 夲傔偺嬧嵔
20407,4096,[堖憰] 巚擮偺僆乕儔(峠楡)
20408,1024,[堖憰] 寣揾傜傟偨岝偲埮偺捔嵃姤
20409,1024,[堖憰] 乧偄傞
20410,1024,[堖憰] 儃乕儞僿僢僪
20411,1024,[堖憰] 偨傟僌儔儕僗恖宍
20412,1024,[堖憰] 偨傟僥乕儕儞僌恖宍
20413,1024,[堖憰] 僺傾儊僢僩偺僿僢僪僪儗僗
20414,1024,[堖憰] 婾傝偺姤
20415,1024,[堖憰] 彑棙偺彈恄乮惵乯
20418,4096,[堖憰] 僒儞僞億儕儞僶儖乕儞
20419,4096,[堖憰] 億億儕儞僶儖乕儞
20428,4096,[堖憰] 僱僐儕儞僶儖乕儞
20429,4096,[堖憰] 僺傾儊僢僩偺挶僱僋僞僀
20430,2048,[堖憰] 杺恄儌儘僋偺拤幚側壓杔
20431,1024,[堖憰] 儅僊僗僥傿儞偺僿僢僪僪儗僗
20432,1024,[堖憰] 僇乕儕僢僣僶乕僌婻巑抍偺僿儖儉
20433,1024,[堖憰] 儖僀乕僛偺愒偄朮巕
20435,1024,[堖憰] 嶳拑壴偺敮忺傝
20436,1024,[堖憰] 僄儞僕僃儕儞僌僯僢僩朮
20437,1024,[堖憰] 偟偩傟嶗偺偐傫偞偟
20438,4096,[堖憰] 彜嵃偺僜儘僶儞
20439,2048,[堖憰] 怴弔偺婸偒
20440,4096,[堖憰] 嬥偺壒怓
20441,4096,[堖憰] 戝偒偄儕儃儞儅僼儔乕(愒)
20442,1024,[堖憰] 峠敀儌僠儕儞朮
20443,1024,[堖憰] 儐僯僐乕儞偺姇
20444,1024,[堖憰] 夦搻傾僯僶乕僒儕乕朮
20445,1024,[堖憰] 傠偆偦偔
20447,1024,[堖憰] 僟儞僔儞僌儈僯儈僯億儕儞
20448,4096,[堖憰] 悈偺巊偄庤
20449,1024,[堖憰] 敀偲崟偺桿榝
20450,1024,[堖憰] 僌儔儉僺僆僯乕
20451,1024,[堖憰] 巚偄弌偺栭嬻
20452,1024,[堖憰] 鋾墹巕偺姤
20453,1024,[堖憰] 晽楥晘曪傒
20454,1024,[堖憰] 屆戙彈墹偺敮忺傝
20455,1024,[堖憰] 嫟榓崙偺朮巕
20456,1024,[堖憰] 晧彎暫偺曪懷
20457,4096,[堖憰] 晳偄崀傞擑怓偺揤巊偺塇
20458,4096,[堖憰] 儚僀儖僪億儕儞儔僀僟乕
20459,2048,[堖憰] 償傽儖僴儔傾僀僪儖
20460,1024,[堖憰] 堬偺僿傾僶儞僪
20461,2048,[堖憰] 嬨嶰幃棳寣憷
20462,4096,[堖憰] 僱僐儈儈働乕僾
20463,1024,[堖憰] 僣乕僩儞儀儗乕
20464,1024,[堖憰] 儌僲僋儘儕儃儞僴僢僩
20465,2048,[堖憰] 僟僥儊僈僱
20466,1024,[堖憰] 恀峠偺儕儃儞
20467,1024,[堖憰] 惛楈偺墹姤
20468,7168,[堖憰] 僑儕儔偺旐傝暔
20469,1024,[堖憰] 婼偺堦杮妏
20470,1024,[堖憰] 斅僠儑僐
20471,1024,[堖憰] 僠儏乕儕僢僾僿傾僺儞
20472,1024,[堖憰] 揤巊偺姇
20473,1024,[堖憰] 峼嶳僿儖儊僢僩
20474,1024,[堖憰] 僶僫僫偺旂
20475,1024,[堖憰] 崅婱側敀儕儃儞
20476,4096,[儗儞僞儖堖憰] 僄儗僈儞僩僂僃乕僽
20477,1024,[儗儞僞儖堖憰] 僯儚僩儕偺旐傝暔
20478,1024,[儗儞僞儖堖憰] 儘僀儎儖儔價僢僩僋儔僂儞
20479,2048,[儗儞僞儖堖憰] 杺墹偺栚
20480,1024,[儗儞僞儖堖憰] 僊儍儞僽儔乕偺塇朮巕
20481,3072,[堖憰] 僀僼儕乕僩壖柺
20482,1024,[堖憰] 妝墍偺捁偐偛
20483,1024,[堖憰] 挶偺僣僀儞僶儗僢僞
20484,1024,[堖憰] 傂傑傢傝偺僿傾僺儞
20485,1024,[堖憰] 怘宄壴偺僿傾僺儞
20486,2048,[堖憰] 僣僀儞儅乕僈儗僢僩
20487,4096,[堖憰] 偼側偺儚儖僣
20488,2048,[堖憰] 扺墿怓偺儕儃儞
20489,1024,[堖憰] 嫵峜偺姤
20490,1024,[堖憰] 嶗壴啵枱偺偐傫偞偟(惵)
20491,1024,[堖憰] 儗乕僓乕僆僽僀乕僌儖
20492,4096,[堖憰] 岥揓
20493,2048,[堖憰] 揤巊偺僿僢僪僼僅儞
20494,1024,[堖憰] 枹妋擣旘峴億儕儞
20495,1024,[堖憰] 僋傾僥傿僴僢僩
20496,1024,[堖憰] 幠將朮(崟)
20497,4096,[堖憰] 僂儞僶儔偺嵃
20498,1024,[堖憰] 徾朮巕
20499,1024,[堖憰] 擫傒傒僴僢僩
20501,8192,[堖憰] 傾僋僙儖僂傿儞僌
20502,8192,[堖憰] 僨儌儞僼僃僓乕
20507,8192,[堖憰] 億儕儞儕儏僢僋
20508,1024,[堖憰] 娕斅柡
20509,8192,[堖憰] 僂儕僄儖偺梼
20510,8192,[堖憰] 僜乕僪僂傿儞僌
20511,8192,[堖憰] 僼僃傾儕乕僂傿儞僌
20512,8192,[堖憰] 朻尟幰偺儕儏僢僋
20513,8192,[堖憰] 扵専壠偺僶僢僋僷僢僋
20514,8192,[堖憰] 杺寱巑僞僫僩僗偺寱
20515,8192,[堖憰] 杺朄恮
20516,8192,[堖憰] 儈僇僄儖偺梼
20518,8192,[堖憰] 僨價儖僠儕儏僢僋
20519,8192,[堖憰] 枮奐偺嶗
20520,8192,[儗儞僞儖堖憰] 僄儞僕僃儕僢僋儕儃儞
20521,8192,[堖憰] 崟擫儕儏僢僋
20522,8192,[堖憰] 楈嵃偺廽暉
20524,8192,[堖憰] 婸偔揤巊偺梼
20527,8192,[堖憰] 僼僃傾儕乕僂傿儞僌(愒)
20528,8192,[堖憰] 僼僃傾儕乕僂傿儞僌(墿)
20530,8192,[堖憰] 僈僽儕僄儖偺梼
20532,8192,[堖憰] 峠墜偺敋楐攇摦(尐偵偐偗傞暔)
20534,8192,[堖憰] 戝偒側敀擫
20535,8192,[堖憰] 僨僕僞儖嬻娫
20537,8192,[堖憰] 晳偄棊偪傞愒偄峠梩
20538,8192,[堖憰] 擑怓偺杺朄恮
20541,8192,[堖憰] 僄儞僕僃儕僢僋儕儃儞
20543,8192,[堖憰] 偍偽偗僈乕儕儞
20544,8192,[堖憰] 僑乕儖僨儞僔儍儚乕
20546,8192,[堖憰] 廽暉偺儕儃儞
20547,8192,[堖憰] 僂傿僗僷乕偺廽暉
20548,8192,[堖憰] 偼偠偗傞億儕儞僆乕儔
20549,8192,[堖憰] 僽儖乕僄僫僕乕
20550,8192,[堖憰] 僶僀僆儗僢僩僄僫僕乕
20551,8192,[堖憰] 儔僀僩僽儖乕僄僫僕乕
20552,8192,[堖憰] 僌儕乕儞僄僫僕乕
20553,8192,[堖憰] 僺儞僋僄僫僕乕
20554,8192,[堖憰] 儂儚僀僩僄僫僕乕
20555,8192,[堖憰] 僔儖僶乕僄僫僕乕
20556,8192,[堖憰] 僽儔僢僋僄僫僕乕
20557,8192,[堖憰] 僑乕儖僪僄僫僕乕
20558,8192,[堖憰] 僀僄儘乕僌儕乕儞僄僫僕乕
20559,8192,[堖憰] 儗僢僪僆乕儔
20560,8192,[堖憰] 僽儖乕僆乕儔
20561,8192,[堖憰] 僶僀僆儗僢僩僆乕儔
20562,8192,[堖憰] 儔僀僩僽儖乕僆乕儔
20563,8192,[堖憰] 僌儕乕儞僆乕儔
20564,8192,[堖憰] 僺儞僋僆乕儔
20565,8192,[堖憰] 儂儚僀僩僆乕儔
20566,8192,[堖憰] 僔儖僶乕僆乕儔
20567,8192,[堖憰] 僽儔僢僋僆乕儔
20568,8192,[堖憰] 僑乕儖僪僆乕儔
20569,8192,[堖憰] 僀僄儘乕僌儕乕儞僆乕儔
20570,8192,[堖憰] 戝偒側僴乕僩僠儑僐
20571,8192,[堖憰] 愴壋彈偺梼
20572,8192,[堖憰] 儅僕僇儖僂傿儞僌
20573,8192,[堖憰] 僶僀僆儗僢僩僴僀儘僁
20574,8192,[堖憰] 儔儞僪僙儖(愒)
20575,8192,[堖憰] 儔儞僪僙儖(崟)
20576,8192,[堖憰] 偵傖傫僼僅乕僋
20577,8192,[堖憰] 僶儖乕儞儕儃儞
20578,8192,[堖憰] 儔僌僄儖偺梼
20581,8192,[堖憰] 柪嵤儕儏僢僋
20582,8192,[堖憰] 儀傾僪乕儖儕儏僢僋
20583,8192,[堖憰] 僀儕儏乕僕儑儞僋儕僗僞儖
20584,8192,[堖憰] 戝偒側擫偠傖傜偟
20585,8192,[堖憰] 傾儞僌儕乕儀傾乕
20586,8192,[堖憰] 儘儕儖儕偺嶰擔寧
20587,8192,[堖憰] 岝偲埮偺梼
20588,8192,[堖憰] 僯僽儖僽儖乕儉
20589,8192,[堖憰] 棈孞偺曅塇
20590,8192,[堖憰] 僀價儖僪儖僀僪偺廫帤壦
20591,8192,[堖憰] 墿嬥偺媩
20592,8192,[堖憰] 僾儗僛儞僩戃
20593,8192,[堖憰] 昘偺梼
20594,8192,[堖憰] 偱偭偐儕儃儅儞僩
20596,8192,[堖憰] 僥僨傿儀傾儕儏僢僋
20597,8192,[堖憰] 僀乕僽儖偺戝姍
20598,8192,[堖憰] 戝偒側崟擫
20599,8192,[堖憰] 嶗偺梼
20601,8192,[堖憰] 儗僢僪僄僫僕乕
20602,8192,[堖憰] 愴壋彈偺楉偟偄梼
20603,8192,[堖憰] 僆僆儖儕傾僎僴偺塇崻
20604,8192,[堖憰] 廽暉偺償僃乕儖
20605,8192,[堖憰] 梩偭傁嶱
20607,8192,[堖憰] 愴壋彈偺婸偔梼
20608,8192,[堖憰] 儈僢僪僫僀僩僽儖乕僄僫僕乕
20609,8192,[堖憰] 儈僢僪僫僀僩僽儖乕僆乕儔
20610,8192,[堖憰] 僌儗乕僄僫僕乕
20611,8192,[堖憰] 僌儗乕僆乕儔
20613,8192,[堖憰] 僗僷僀僟乕僂傿儞僌
20614,8192,[堖憰] 僉僄儖丒僴僀儖偺埫崟
20618,8192,[堖憰] 戝偒側崟僂僒僊
20619,8192,[堖憰] 朠檧偺梼
20621,8192,[堖憰] 墭愼偝傟偨僟乕僋儘乕僪偺儅儞僩
20737,8192,[堖憰] 阨椯偺梼
20746,8192,[堖憰] 鄷揤巊偺梼
20762,8192,[堖憰] 戝埆杺偺梼
20763,8192,[堖憰] 傾儈僗僩儖儕儏僢僋
20764,8192,[堖憰] 懧揤巊偺梼
20765,8192,[堖憰] 戝揤巊偺梼
20798,2048,[堖憰] 巰恄
20950,8192,[堖憰] 僼傽僀傾乕儗僢僪僆乕儔
20985,8192,[堖憰] 傂傚偆偨傫摽棙
20987,8192,[堖憰] 僄儞僕僃儕儞僌儕儏僢僋
20988,8192,[堖憰] 婡夿挶偺憷
20989,8192,[堖憰] 僛儞儅僀僱僕
20990,8192,[堖憰] 夞傞帟幵
20992,8192,[堖憰] 僼僃傾儕乕僆僽僄僨儞
21200,6144,[堖憰] 僥傿傾僪儘僢僾
21300,3072,[堖憰] 巶巕偺壖柺
21301,3072,[堖憰] 渇渞偆幰偺妢
24422,8192,[堖憰] 僼傽僀傾乕儗僢僪僄僫僕乕
31027,1024,[堖憰] 僾儕僥傿乕儀傾
31028,3072,[堖憰] 崟擫偺僼乕僪
31029,4096,[堖憰] 僒儀乕僕儀儀儅僗僋
31030,6144,[堖憰] 僞僀僈乕僼僃僀僗
31031,1024,[堖憰] 偨傟嫵峜(巹暈)
31032,1024,[堖憰] 偨傟儖乕儈儞
31033,5120,[堖憰] 堦斒怣搆偺柺
31034,1024,[堖憰] 奀懐偺摢嬓
31035,1024,[堖憰] 偍嬥傪幐偭偨幰偺怱
31036,1024,[堖憰] 巊摴偺朮巕
31037,1024,[堖憰] 儀儗乕
31038,1024,[堖憰] 僠僃僢僋僶儞僟僫
31039,1024,[堖憰] 屆墹偺墹姤(愒)
31040,1024,[堖憰] 儅僕僇儖僼僃僓乕
31041,1024,[堖憰] 巕擫偺僿僢僪僪儗僗
31042,1024,[堖憰] 僒僶僀僶儖僒乕僋儗僢僩
31043,1024,[堖憰] 儕儃儞乮敀乯
31044,1024,[堖憰] 偨傟擫乮搷乯
31045,4096,[堖憰] 憮偺儕傾儕儃儞
31046,1024,[堖憰] 儂儚僀僩儘乕僘僾儕儞僙僗
31047,2048,[堖憰] 弶楒傎偭傌
31048,1024,[堖憰] 儂儚僀僩儕儕乕(崟儕儃儞)
31049,1024,[堖憰] 儅乕儕儞偺朮巕
31050,1024,[堖憰] 僑乕儖僨儞億儕儞偺朮巕
31051,1024,[堖憰] 億儕儞僒儞僶僀僓乕
31053,1024,[堖憰] 偨傟僄僪僈
31054,1024,[堖憰] 僗僥傿儞僌朮巕
31055,4096,[堖憰] 億儕儞僔儍儃儞僷僀僾
31057,4096,[堖憰] 僄儗儊僗=僈僀儖偺僗僇乕僼(崟)
31058,1024,[堖憰] 僕僃儔乕僩朮巕
31059,1024,[堖憰] 悈晇偺朮巕
31060,1024,[堖憰] 僗僞乕僼傿僢僔儏僶儗僢僞
31061,1024,[堖憰] 偐偵僯僢僷偺僿傾僺儞
31062,1024,[堖憰] 僄儗僲傾偺僂傿僢僌
31063,4096,[堖憰] 偍偩傫偛僿傾(惵)
31064,4096,[堖憰] 偍偩傫偛僿傾(愒)
31065,4096,[堖憰] 偍偩傫偛僿傾(墿)
31066,4096,[堖憰] 偍偩傫偛僿傾(椢)
31067,4096,[堖憰] 偍偩傫偛僿傾(崟)
31068,4096,[堖憰] 偍偩傫偛僿傾(敀)
31069,4096,[堖憰] 偍偩傫偛僿傾(峠)
31070,4096,[堖憰] 偍偩傫偛僿傾(巼)
31071,4096,[堖憰] 儘乕儖僣僀儞(惵)
31072,4096,[堖憰] 儘乕儖僣僀儞(愒)
31073,4096,[堖憰] 儘乕儖僣僀儞(墿)
31074,4096,[堖憰] 儘乕儖僣僀儞(椢)
31075,4096,[堖憰] 儘乕儖僣僀儞(崟)
31076,4096,[堖憰] 儘乕儖僣僀儞(敀)
31077,4096,[堖憰] 儘乕儖僣僀儞(峠)
31078,4096,[堖憰] 儘乕儖僣僀儞(巼)
31079,4096,[堖憰] 儘儞僌億僯乕(惵)
31080,4096,[堖憰] 儘儞僌億僯乕(愒)
31081,4096,[堖憰] 儘儞僌億僯乕(墿)
31082,4096,[堖憰] 儘儞僌億僯乕(椢)
31083,4096,[堖憰] 儘儞僌億僯乕(崟)
31084,4096,[堖憰] 儘儞僌億僯乕(敀)
31085,4096,[堖憰] 儘儞僌億僯乕(峠)
31086,4096,[堖憰] 儘儞僌億僯乕(巼)
31087,4096,[堖憰] 僪儚乕僼偺傂偘
31088,5120,[堖憰] 儅僢僪僴僢僞乕
31089,2048,[堖憰] 峠墜偺敋楐攇摦
31090,1024,[堖憰] 僄儞僕僃儕儞僌朮
31092,1024,[堖憰] 僂僒僊帹偺壴朮巕
31093,4096,[堖憰] 偔傢偊儔儞僾
31094,1024,[堖憰] 僟僀僗僿傾僶儞僪
31095,1024,[堖憰] 恄杺僶僼僅儊僢僩偺妏
31096,2048,[堖憰] 僶僂丒傾儖儅偺將帹
31097,1024,[堖憰] 儈僯乕丒僪僁丒傾儖儅偺揺帹
31098,1024,[堖憰] 嬍憯丒儘傾偺屜帹
31099,1024,[堖憰] 屼嵃丒傾儕傾偺僿僢僪僪儗僗
31100,1024,[堖憰] 僟儞僾僥傿乕丒傾儖儅朮
31101,1024,[堖憰] 僞僀僯乕朮(惵)
31102,1024,[堖憰] 僞僀僯乕朮(烌)
31103,1024,[堖憰] 僞僀僯乕朮(椢)
31104,1024,[堖憰] 僞僀僯乕朮
31105,1024,[堖憰] 僉儞僌僆僽億儕儞朮
31106,2048,[堖憰] 暯榓偺娽懷
31107,2048,[堖憰] 斏塰偺娽懷
31113,1024,[堖憰] 堛幰偺僿傾僶儞僪
31114,1024,[堖憰] 墘寑偺彫摴嬶
31117,7168,[堖憰] 廳憰曕暫偺姇
31118,6144,[堖憰] 埫嶦幰偺壖柺
31119,1024,[堖憰] 偲傫偑傝朮巕乮惵乯
31120,2048,[堖憰] 償傽儞僷僀傾偺巊偄杺
31121,4096,[堖憰] 僐僂儌儕偺僗僩乕儖
31122,2048,[堖憰] 寣揾傜傟偨幾娽晻偠偺曪懷
31123,1024,[堖憰] 僑乕僗僩儕儞僌僩乕儖僴僢僩
31124,1024,[堖憰] 儕儃儞僔僃僼僴僢僩
31125,1024,[堖憰] 僋僀乕儞丒傾儞僘丒儕儀儞僕
31128,3072,[堖憰] 壴壟偺壖柺
31129,6144,[堖憰] 僗僋儔僢僠儅僗僋
31130,1024,[堖憰] 僀儞僨傿傾儞偺僿傾僶儞僪
31131,1024,[堖憰] 惞怑幰偺朮巕
31132,1024,[堖憰] 僋儕僗儅僗儕乕僗
31133,2048,[堖憰] 僊儍儞僽儔乕僔乕儖
31134,4096,[堖憰] 偍偟傖傋傝僆僂儉
31135,1024,[堖憰] 崑壺側儈僯僋儔僂儞
31136,1024,[堖憰] 僋儘僢僋僉儍僗働僢僩
31137,1024,[堖憰] 惵塆偺錕錘忺傝
31138,1024,[堖憰] 僺傾儊僢僩偺愒摢嬓
31139,1024,[堖憰] 敀僂僒僊偺帹
31140,1024,[堖憰] 僇僂儃乕僀僴僢僩(崟)
31141,1024,[堖憰] 僒儃僥儞偺壴忺傝
31142,4096,[堖憰] 崗偺楽崠
31143,1024,[堖憰] 僋儔僩儞
31145,1024,[堖憰] 傾僀僗丒僼僅儞丒僼儕乕僕儞僈乕69悽
31146,2048,[堖憰] 僇儖僨儏僀偺帹
31147,1024,[堖憰] 偨傟僪儌償僅僀
31148,1024,[堖憰] 偨傟倂恖宍
31149,1024,[堖憰] 僯乕僘僿僢僌偺僂傿僢僌
31150,1024,[堖憰] 僔儍儖儘僔乕偺僿僢僪僪儗僗
31151,1024,[堖憰] 僠僃僔儍乕偺擫帹
31152,4096,[堖憰] 僺傾儊僢僩偺愒偄挶僱僋僞僀
31153,1024,[堖憰] 夦搻傾僯僶乕僒儕乕嘦悽朮
31154,1024,[堖憰] 僉儍僢僾
31155,2048,[堖憰] 僗僺儞僌儔僗
31156,1024,[堖憰] 栘偺幚
31158,1024,[堖憰] 儕僗帹僼乕僪朮
31159,1024,[堖憰] 寛摤偺棿朮巕
31160,1024,[堖憰] 儖乕儞僿儖儉
31161,3072,[堖憰] 僞僀僈乕儅僗僋
31162,4096,[堖憰] 僔僃乕價儞僌僼僅乕儉
31163,1024,[堖憰] 梤朮巕
31164,4096,[堖憰] 僽儔僂儞僗僩乕儖
31165,1024,[堖憰] 偐偨偖傞傑
31166,1024,[堖憰] 僥僨傿儀傾僼乕僪
31167,2048,[堖憰] 偟偁傢偣偨傟儖僫僥傿僢僋帹(崟)
31168,2048,[堖憰] 儉乕僩儞儔僀僼(惵)
31169,1024,[堖憰] 梲婥側嶳懐朮
31173,1024,[堖憰] 僆僇儊僀儞僐
31174,1024,[堖憰] 偁傗偟偄僷儞戃
31175,1024,[堖憰] 僀僠僑偺朮巕
31176,1024,[堖憰] 尒偰傞傛
31177,1024,[堖憰] 僥乕儖僴僢僩
31178,4096,[堖憰] 怱摢柵媝儅僼儔乕
31179,1024,[堖憰] 僂儖僼儅僗僇儗乕僪
31180,1024,[堖憰] 廋梾墹偺宊傝
31181,4096,[堖憰] 儘僓儕僆偺庱忺傝
31182,1024,[堖憰] 僒僀僪僉儍僢僾
31183,2048,[堖憰] 懧揤巊偺廽暉
31184,2048,[堖憰] 儂乕僋傾僀
31185,1024,[堖憰] 僄儞僕僯傾僉儍僢僾
31186,2048,[堖憰] 崟擫
31187,1024,[堖憰] 愴昉偺儕儃儞
31188,1024,[堖憰] 儌僲僋儘僑僔僢僋儃儞僱僢僩
31189,4096,[堖憰] 愒偄僱僐儈儈働乕僾
31190,1024,[堖憰] 揤巊偺崟偄儈僯僔儖僋僴僢僩
31191,1024,[堖憰] 墿怓偄擫帹
31192,1024,[堖憰] 惵偄擫帹
31193,1024,[堖憰] 偨傟傾僴僩
31194,1024,[堖憰] 傑傢傞僾儘儁儔
31195,1024,[堖憰] 儈僯僨僐夦搻僴僢僩
31196,1024,[堖憰] 偨傟僠儏僂僯儁儞僊儞
31198,1024,[堖憰] 僞僐朮巕
31199,4096,[堖憰] 妠傂偘
31200,1024,[堖憰] 儔僢僺儞僌儕儃儞
31201,1024,[堖憰] 儘僀儎儖儔價僢僩僋儔僂儞
31202,1024,[堖憰] 傢傫傢傫彨峑
31203,2048,[堖憰] 幍椫
31205,3072,[堖憰] 戝宆僆乕僋僸乕儘乕偺姇
31207,6144,[堖憰] 婼恄偺壖柺
31208,4096,[堖憰] 僗僩儗乕僩儘儞僌(墿)
31209,4096,[堖憰] 僗僩儗乕僩儘儞僌(敀)
31210,4096,[堖憰] 僒僀僪僺僢僌僥乕儖(惵)
31211,4096,[堖憰] 僒僀僪僺僢僌僥乕儖(愒)
31212,4096,[堖憰] 僒僀僪僺僢僌僥乕儖(墿)
31213,4096,[堖憰] 僒僀僪僺僢僌僥乕儖(椢)
31214,4096,[堖憰] 僒僀僪僺僢僌僥乕儖(崟)
31215,4096,[堖憰] 僒僀僪僺僢僌僥乕儖(敀)
31216,4096,[堖憰] 僒僀僪僺僢僌僥乕儖(峠)
31217,4096,[堖憰] 僒僀僪僺僢僌僥乕儖(巼)
31218,4096,[堖憰] 儘乕億僯乕(惵)
31219,4096,[堖憰] 儘乕億僯乕(愒)
31220,4096,[堖憰] 儘乕億僯乕(墿)
31221,4096,[堖憰] 儘乕億僯乕(椢)
31222,4096,[堖憰] 儘乕億僯乕(崟)
31223,4096,[堖憰] 儘乕億僯乕(敀)
31224,4096,[堖憰] 儘乕億僯乕(峠)
31225,4096,[堖憰] 儘乕億僯乕(巼)
31226,4096,[堖憰] 儘儞僌僣僀儞(惵)
31227,4096,[堖憰] 儘儞僌僣僀儞(愒)
31228,4096,[堖憰] 儘儞僌僣僀儞(墿)
31229,4096,[堖憰] 儘儞僌僣僀儞(椢)
31230,4096,[堖憰] 儘儞僌僣僀儞(崟)
31231,4096,[堖憰] 儘儞僌僣僀儞(敀)
31232,4096,[堖憰] 儘儞僌僣僀儞(峠)
31233,4096,[堖憰] 儘儞僌僣僀儞(巼)
31234,2048,[堖憰] 搷偺壴偺偐傫偞偟
31235,2048,[堖憰] 戝偒偄儕儃儞儅僼儔乕(拞抜)
31236,2048,[堖憰] 巚擮偺僆乕儔(拞抜)
31237,4096,[堖憰] 扺墿怓偺儕儃儞(壓抜)
31238,1024,[堖憰] 恀幚偺垽(忋抜)
31239,1024,[堖憰] 儔僽儔價僢僩僼乕僪(忋抜)
31240,1024,[堖憰] 僂傿僗僷乕儅僗僋(忋抜)
31241,4096,[堖憰] 擱偊傞懢梲(壓抜)
31242,1024,[堖憰] 傾僰價僗偺朮巕(忋抜)
31243,2048,[堖憰] 傌傠傝傫儅僗僋(拞抜)
31244,1024,[堖憰] 僗僇僀儊僢僩(忋抜)
31246,1024,[堖憰] 僴儈儞僌僶乕僪
31247,1024,[堖憰] 僇僶朮巕
31248,1024,[堖憰] 僺傾儊僢僩偺愒偄僿僢僪僪儗僗
31249,1024,[堖憰] 偆偝傄傚傫朮
31250,2048,[堖憰] 傆偟偓側働儌僲帹
31251,4096,[堖憰] 擫偺岥
31252,1024,[堖憰] 敀擫傒傒僴僢僩
31253,1024,[堖憰] 鉪巕偺姇
31254,7168,[堖憰] 愒揺攏朮
31256,6144,[堖憰] 僕儍僈乕僼僃僀僗
31258,2048,[堖憰] 僷乕儖僴僀儔僀僩
31259,1024,[堖憰] 傾乕僋僄儞僕僃儕儞僌僿傾僶儞僪
31260,2048,[堖憰] 僆僽僓乕僶乕
31261,4096,[堖憰] 偔傢偊偨僜乕僟
31264,4096,[堖憰] 曐岇偡傞幰偺梼(壓抜)
31265,2048,[堖憰] 僗僩儗乕僩億僯乕(惵)(拞抜)
31266,2048,[堖憰] 僗僩儗乕僩億僯乕(愒)(拞抜)
31267,2048,[堖憰] 僗僩儗乕僩億僯乕(墿)(拞抜)
31268,2048,[堖憰] 僗僩儗乕僩億僯乕(椢)(拞抜)
31269,2048,[堖憰] 僗僩儗乕僩億僯乕(崟)(拞抜)
31270,2048,[堖憰] 僗僩儗乕僩億僯乕(敀)(拞抜)
31271,2048,[堖憰] 僗僩儗乕僩億僯乕(峠)(拞抜)
31272,2048,[堖憰] 僗僩儗乕僩億僯乕(巼)(拞抜)
31273,2048,[堖憰] 旘傃挼偹偨栄(惵)(拞抜)
31274,2048,[堖憰] 旘傃挼偹偨栄(愒)(拞抜)
31275,2048,[堖憰] 旘傃挼偹偨栄(墿)(拞抜)
31276,2048,[堖憰] 旘傃挼偹偨栄(椢)(拞抜)
31277,2048,[堖憰] 旘傃挼偹偨栄(崟)(拞抜)
31278,2048,[堖憰] 旘傃挼偹偨栄(敀)(拞抜)
31279,2048,[堖憰] 旘傃挼偹偨栄(峠)(拞抜)
31280,2048,[堖憰] 旘傃挼偹偨栄(巼)(拞抜)
31281,2048,[堖憰] 備傞僂僃乕僽僣僀儞(惵)(拞抜)
31282,2048,[堖憰] 備傞僂僃乕僽僣僀儞(愒)(拞抜)
31283,2048,[堖憰] 備傞僂僃乕僽僣僀儞(墿)(拞抜)
31284,2048,[堖憰] 備傞僂僃乕僽僣僀儞(椢)(拞抜)
31285,2048,[堖憰] 備傞僂僃乕僽僣僀儞(崟)(拞抜)
31286,2048,[堖憰] 備傞僂僃乕僽僣僀儞(敀)(拞抜)
31287,2048,[堖憰] 備傞僂僃乕僽僣僀儞(峠)(拞抜)
31288,2048,[堖憰] 備傞僂僃乕僽僣僀儞(巼)(拞抜)
31289,4096,[堖憰] 曐岇偡傞幰偺崟偄梼(壓抜)
31290,1024,[堖憰] 揤巊偺塇朮巕
31291,1024,[堖憰] 埆杺偺塇朮巕
31293,1024,[堖憰] 屆墹偺墹姤(巼)
31294,1024,[堖憰] 屆戙棿偺曮姤(愒)
31295,1024,[堖憰] 僼儕僗僩偺朮巕
31296,4096,[堖憰] 偔傢偊偨僀僠僑
31297,1024,[堖憰] 垽偺幚
31298,1024,[堖憰] 僙僺傾僷儗乕僪朮
31299,4096,[堖憰] 敀僂僒僊
31300,4096,[堖憰] 偁偭偨偐擫儅僼儔乕
31301,2048,[堖憰] 弖偔栚
31302,2048,[堖憰] 崟峠怓偺儕儃儞
31306,1024,[堖憰] 僔儘儉僱僆僆僴僔
31307,1024,[堖憰] 僗儈儗僐儞僑僂僀儞僐
31308,2048,[堖憰] 僾儘僥僋僩僼僃僓乕
31309,1024,[堖憰] 弮敀側儅乕僠儞僌僴僢僩
31310,2048,[堖憰] 榋榋榋幃杺懓偺帹
31311,6144,[堖憰] 僞僫僩僗偺斶偟傒壖柺
31312,1024,[堖憰] 僴乕僨僗僿儖儉
31313,2048,[堖憰] 懧揤巊偺塇帹
31314,1024,[堖憰] 梔杺偺媥擔
31315,4096,[堖憰] 揤巊偺僗僩乕儖
31316,4096,[堖憰] 崟朠挶偺偼偨傔偒
31317,1024,[堖憰] 15廃擭婰擮僂傿儞僌
31318,1024,[堖憰] 僎儖僴儖僩丒僼僅儞丒僨價儖僠83悽
31321,1024,[堖憰] 婸偔傂傑傢傝
31322,1024,[堖憰] 僉儍儞僨傿朮巕
31323,1024,[堖憰] 僀僄儘乕僴儞僠儞僌僉儍僢僾
31324,1024,[堖憰] 僉儍僢僩僒僀僶乕僿僢僪僼僅儞
31325,3072,[堖憰] 彈墹僗僇儔僶偺姇
31326,1024,[堖憰] 儔儖僼丒僼僅儞丒僣傿乕僎666悽
31327,2048,[堖憰] 僂僢僪僑僽儕儞偺旲
31328,1024,[堖憰] 僼僃僀僗儚乕儉偺棏妅
31329,1024,[堖憰] 傾儕僗偺僂傿僢僌
31330,4096,[堖憰] 懧揤巊偺僶儗僢僞
31331,1024,[堖憰] 僠儏儞僀乕偺僔僯儑儞僉儍僢僾
31332,1024,[堖憰] 崟偒僇乕儕僢僣僶乕僌婻巑抍偺僿儖儉
31368,1024,[堖憰] 暟偒壩
31371,1024,[堖憰] 偨傟僜儕儞恖宍
31372,1024,[堖憰] 偨傟價僯僢僩恖宍
31373,1024,[堖憰] 屆墹偺墹姤
31374,4096,[堖憰] 僄僋僗僾儘乕僕儑儞僈儉
31375,2048,[堖憰] 梔杺偺娽
31376,1024,[堖憰] 屆戙棿偺曮姤(巼)
31377,4096,[堖憰] 僌儔僗僩僿僀儉偺朤娤幰
31378,1024,[堖憰] 僇僞儕僫丒僼僅儞丒僽儔僢僪60悽
31379,1024,[堖憰] 墘寑梡偺敪忦尞
31380,2048,[堖憰] 僇儔僗
31381,4096,[堖憰] 僨傿傾儃儕僢僋儔儁儖
31382,1024,[堖憰] 僱僐儈儈僷儞僉僢僔儏
31383,4096,[堖憰] 儃儕儏乕儉儘乕僣僀儞
31384,2048,[堖憰] 晅偗帹
31385,1024,[堖憰] 僑僔僢僋僷儞僾僉儞僿僢僪
31386,4096,[堖憰] 僒僶僀僶儖僆乕僽
31387,1024,[堖憰] 僕儍僢僋儔儞僞儞
31388,1024,[堖憰] 僈乕僨儞僆僽僄僨儞
31389,1024,[堖憰] 敀塆偺錕錘忺傝
31390,1024,[堖憰] 僗僲乕僼僅乕儖
31391,2048,[堖憰] 晜梀偡傞尗幰偺愇
31392,1024,[堖憰] 揹攇傾儞僥僫
31393,4096,[堖憰] 償傽僕儏儔
31394,1024,[堖憰] 偲傫偑傝朮巕乮敀乯
31395,4096,[堖憰] 僽僢僋僆僽儅僕僢僋
31396,1024,[堖憰] 杺摫巑偺僼乕僪
31397,1024,[堖憰] 偍嵗傝嫵峜(巹暈)
31398,2048,[堖憰] 弖偔嵶偄栚
31399,2048,[堖憰] 僟乕僋僱僗償僃乕儖
31400,1024,[堖憰] 儕儃儞
31401,3072,[堖憰] 廋摴彈偺償僃乕儖
31402,1024,[堖憰] 僀僪僁儞偺惵傝傫偛朮巕
31403,2048,[堖憰] 暻
31404,4096,[堖憰] 億儕儞怣崋婡
31405,1024,[堖憰] 僄儗僲傾偺僂傿僢僌(墿)
31406,1024,[堖憰] 僯乕僘僿僢僌偺僂傿僢僌(敀)
31407,1024,[堖憰] 傾儕僗偺僂傿僢僌(搷)
31409,7168,[堖憰] 僶儗儖僿儖儉
31410,1024,[堖憰] 僑僢僘僿儖儉
31411,1024,[堖憰] 儗僆僟僀傾僨儉
31412,1024,[堖憰] 償傽儖僑僋儔僂儞
31413,1024,[堖憰] 僞僂儘僗僋儔僂儞
31414,1024,[堖憰] 僉儍儞僒乕僟僀傾僨儉
31416,2048,[堖憰] 鄷揤巊偺壴姤
31417,1024,[堖憰] 偍偵偓傝朮
31418,4096,[堖憰] 偔傢偊偨僱僊
31419,1024,[堖憰] 擑怓偺梼
31425,4096,[堖憰] 偨偙僶儖乕儞
31426,4096,[堖憰] 僕僃儞僩儖儅乕儕儞僶儖乕儞
31427,4096,[堖憰] 儗僨傿億儕儞僶儖乕儞
31428,4096,[堖憰] 僷儞僟僶儖乕儞
31430,1024,[堖憰] 僙僾儖僴僢僩
31431,1024,[堖憰] 僋儖僺儔朮
31432,4096,[堖憰] 晜梀偡傞昘
31433,1024,[堖憰] 揤懱僒乕僋儖
31434,1024,[堖憰] 僋儔僂僪僶乕僗僩
31435,1024,[堖憰] 巰楈杺弍巘偺僯僢僩朮
31436,1024,[堖憰] 偨傟擫乮敀乯
31437,2048,[堖憰] 儀價乕儁儞僊儞
31438,4096,[堖憰] 傕偙傕偙僄儞僕僃儖働乕僾
31439,2048,[堖憰] 傕偙傕偙僴乕僩僀儎乕儅僼
31440,1024,[堖憰] 僗僲乕儀傾僼乕僪
31441,1024,[堖憰] 儁儞僊儞僉儍僢僾(惵)
31442,2048,[堖憰] 僗儅僀儖儅僗僋(拞抜)
31443,1024,[堖憰] 儉僫僢僋朮(忋抜)
31444,1024,[堖憰] 儃儞僑儞朮(忋抜)
31445,1024,[堖憰] 僊儍儞僽儔乕偺塇朮巕
31446,4096,[堖憰] 偍傕偪傖偺拲幩婍
31447,1024,[堖憰] 敄寧栭偺朮巕
31448,1024,[堖憰] 僗僥傿儞僌偺僔儖僋儕儃儞
31449,2048,[堖憰] 惵錕錘偺娽懷
31450,4096,[堖憰] 儘儕乕僞僣乕僒僀僪傾僢僾
31451,1024,[堖憰] 僽儖乕僼儕儖儕儃儞
31452,2048,[堖憰] 敀擫
31453,4096,[堖憰] 戝偒偄儕儃儞儅僼儔乕(崟)
31455,6144,[堖憰] 儚儞僐偺旐傝暔
31456,1024,[堖憰] 書偒偮偒儎儅僱僐
31457,1024,[堖憰] 徫暉傢傫僟僼儖朮
31461,2048,[堖憰] 儅乕儕儞偺帹忺傝
31462,2048,[堖憰] 億儕儞偺帹忺傝
31463,2048,[堖憰] 彫宆掋嶡婡
31464,1024,[堖憰] 僽儖乕儉傾僼儘
31465,1024,[堖憰] 僐儅僪儕偺棏偺儈僯僴僢僩
31466,1024,[堖憰] 揤巊偺梼偺棏妅
31467,1024,[堖憰] 埆杺偺梼偺棏妅
31468,1024,[堖憰] 僗僩儔僀僾朮巕
31469,4096,[儗儞僞儖堖憰] 僠儑僐偒偺偙僂傿僢僌
31470,4096,[堖憰] 揤嬬偺姫暔
31471,1024,[堖憰] 揤彈偺壴
31472,2048,[堖憰] 梔惛偺塇崻忺傝
31473,4096,[堖憰] 傎傠傛偄
31474,4096,[堖憰] 僗僩儗乕僩儘儞僌(崟)
31475,1024,[堖憰] 崟屜帹楅儕儃儞
31476,1024,[堖憰] 墿怓偺偝偔傜朮
31477,4096,[儗儞僞儖堖憰] 僂傿僢僠働乕僾
31478,4096,[堖憰] 僄儗僲傾偺僂傿僢僌(壓抜)
31479,4096,[堖憰] 孮惎
31481,1024,[堖憰] 嶰栄擫僇僢僾
31482,4096,[堖憰] 儖僫僥傿僢僋儅僼儔乕
31483,2048,[堖憰] 働儌僲帹儕儃儞
31484,1024,[堖憰] 偔傑傔偄偲(僾儕乕僗僩彈惈)
31485,1024,[堖憰] 偔傑傔偄偲(僾儕乕僗僩抝惈)
31486,2048,[堖憰] 僟僀僶乕僑乕僌儖
31487,2048,[堖憰] 娽懷
31488,2048,[堖憰] MVP
31489,1024,[堖憰] 壴懇朮
31490,4096,[堖憰] 億儕儞儅僼儔乕
31491,2048,[堖憰] 拑僩儔擫
31492,4096,[堖憰] 僽儔僂儞僱僐儈儈働乕僾
31493,4096,[堖憰] 儃儕儏乕儉儘乕僣僀儞(敀)
31496,1024,[堖憰] 僀僌僪儔僔儖僋儔僂儞
31497,2048,[堖憰] 壴娽嬀
31501,1024,[堖憰] 暚弌壴壩
31504,1024,[堖憰] 婹偊偨戝嫑
31505,6144,[堖憰] 僼傽儖僐儞儅僗僋
31506,1024,[堖憰] 儅儔儞奀懐抍朮
31507,1024,[堖憰] 偨傟擫乮墿乯
31508,1024,[堖憰] 僺傾儊僢僩偺惵偄僿僢僪僪儗僗
31509,1024,[堖憰] 彫幁偺帹
31510,4096,[堖憰] 僱僐儈儈僔儑乕僩
31511,4096,[堖憰] 僱僐儈儈儘儞僌
31512,2048,[堖憰] 僷儞僟僂僒僊
31513,1024,[堖憰] 崟偆偝傄傚傫朮
31514,2048,[堖憰] 傾儊儕僇儞僔儑乕僩僿傾
31515,2048,[堖憰] 僉僕僩儔擫
31516,1024,[堖憰] 墹媺儈僯儊儘儞
31517,2048,[堖憰] 偔傑偔傫
31519,1024,[堖憰] 敘忋偘儔乕儊儞
31520,1024,[堖憰] 億僢僾僐乕儞朮巕
31521,1024,[堖憰] 儐僘儊僢僩
31522,1024,[堖憰] 僆儗儞僕儊僢僩
31523,1024,[堖憰] 僽儞僞儞儊僢僩
31524,1024,[堖憰] 庤嶌傝偍曎摉朮巕
31526,1024,[堖憰] 僲儖儞偺塇朮巕
31527,2048,[堖憰] 堦楇巐幃擑偺塇忺傝
31528,1024,[堖憰] 僗僞乕僟僗僩僿傾僶儞僪
31529,1024,[堖憰] 岾偣傪屇傇儔價僢僩儕儃儞
31530,1024,[堖憰] 僌儗乕僞乕僪儔僋儖儂乕儞
31531,1024,[堖憰] 儔僽儕乕僴乕僩僉儍僢僾
31532,2048,[堖憰] 僯乕償僶儗僢僞
31533,4096,[堖憰] 偁偭偨偐崟擫儅僼儔乕
31534,2048,[堖憰] 儗僀儞儃乕僗僞乕
31536,1024,[堖憰] 僋儔僂儞僆僽僨儌儞
31538,1024,[堖憰] 戝岲偒僆乕儔
31540,2048,[堖憰] 僕僃儈僯-S58偺栚(愒)
31541,1024,[堖憰] 儅僗僉僾儔乕偺僿傾僺儞
31542,2048,[堖憰] 億儕儞偺悈時
31543,1024,[堖憰] 僄儖儔僶僴僢僩
31544,4096,[堖憰] 僺傾儊僢僩儘乕儖僿傾
31545,4096,[堖憰] 僄儗儊僗=僈僀儖偺僗僇乕僼(惵)
31546,1024,[堖憰] 僋儘僢僋僉儍僗働僢僩(愒)
31547,1024,[堖憰] 億億儕儞偺旐傝暔
31548,4096,[堖憰] 戝岲偒傎偭傌(壓抜)
31549,4096,[堖憰] 儕僩儖傾僋傾儕僂儉(壓抜)
31550,2048,[堖憰] 嬥偺壒怓(拞抜)
31551,4096,[堖憰] 崟墢儊僈僱(壓抜)
31552,2048,[堖憰] 僽儖乕儕儃儞(拞抜)
31553,2048,[堖憰] 彑棙偺梼(拞抜)
31554,2048,[堖憰] 僷儞戃(拞抜)
31555,1024,[堖憰] 廳憰曕暫偺姇(忋抜)
31556,1024,[堖憰] 寧栭壴朮(忋抜)
31559,4096,[堖憰] 庣岇婻巑偺庱忺傝
31560,1024,[堖憰] 惞怑幰偺娕岇朮
31561,2048,[堖憰] 敧幃楖崠偺梼
31562,1024,[堖憰] 僔儏僞乕儖丒僼僅儞丒僇僀僓乕61悽
31563,2048,[堖憰] 僽儖乕傾僀儊僀僋
31564,1024,[堖憰] 堎宍偺償僃乕儖
31565,1024,[堖憰] 僾儕儞僙僗儕儃儞僋儔僂儞
31566,4096,[堖憰] 庡揤巊偺僗僩乕儖
31567,2048,[堖憰] 梤偺妏
31568,2048,[堖憰] 晜梀偡傞懢嬌嬍
31569,4096,[堖憰] 僆乕僾儞僄傾僿僢僪僼僅儞
31570,2048,[堖憰] 僒僀僋儘僾僗傾僀
31571,1024,[堖憰] 僈乕僨傿傾儞僾儘僙僢僒
31572,4096,[堖憰] 実懷幃捛寕僔僗僥儉
31573,1024,[堖憰] 儊僇僱僐儈儈
31574,2048,[堖憰] 僒僀僶乕僀儞僇儉
31575,4096,[堖憰] 僄儗僋僩儘僣乕僒僀僪傾僢僾
31576,1024,[堖憰] 寧僂僒僊偺朮巕
31577,1024,[堖憰] 僯儚僩儕偺旐傝暔
31578,6144,[堖憰] 傾儖働儈僗僩儅僗僋
31579,1024,[堖憰] I LOVE GAMES
31581,1024,[堖憰] 僇儃僠儍僿僢僪
31582,1024,[堖憰] 屆戙棿偺曮姤
31583,4096,[堖憰] 僂傿儖僆僂傿僗僾
31584,4096,[堖憰] 儅乕儕儞儅僼儔乕
31585,4096,[堖憰] 僪儘僢僾僗儅僼儔乕
31586,4096,[堖憰] 億億儕儞儅僼儔乕
31588,1024,[堖憰] 僼儘乕僘儞僥傿傾儔
31589,1024,[堖憰] 婸偔儅僕僃僗僥傿僢僋僑乕僩
31590,4096,[堖憰] 僨僓僀僫乕偺昅
31591,1024,[堖憰] 惞幰偺姤
31593,4096,[堖憰] 墿怓偄僗僇乕僼
31594,4096,[堖憰] 偔傢偊偨偊傫傄偮乮愒乯
31595,1024,[堖憰] 僜僀僈偺彂
31596,1024,[堖憰] 抴鍋偺桿榝
31597,1024,[堖憰] 墿嬥偺嫑朮巕
31598,1024,[堖憰] 怷偺埬撪恖
31599,4096,[堖憰] 儈僨傿傾儉僂僃乕僽
31600,2048,[堖憰] 婭廈將
31601,2048,[堖憰] 傾儞僟乕儕儉儊僈僱(惵)
31602,1024,[堖憰] 儖乕儞儈僢僪僈僢僣偺塰岝
31607,1024,[堖憰] 擫帹杺彈朮
31608,7168,[堖憰] 杺朄愇偺壎宐
31609,2048,[堖憰] 婱懓偺壖柺
31610,1024,[堖憰] 偲傫偑傝朮巕乮墿乯
31611,4096,[堖憰] 崟幹墹偺僗僩乕儖
31612,1024,[堖憰] 戝杺摫巑偺楃姤
31613,1024,[堖憰] 憮揤傪徴偔媡栄
31614,2048,[堖憰] 屜
31615,2048,[堖憰] 壴夽儊僀僋
31616,4096,[堖憰] 柌尒傞梤
31617,2048,[堖憰] 儗僨傿乕僞僯乕
31618,2048,[堖憰] 僶僞僼儔僀僠儍乕儉
31620,2048,[堖憰] 愥屜
31624,1024,[堖憰] 側偐傛偟偵傖傫偙
31625,4096,[堖憰] 僾儘僥僋僩僋儘乕僗
31628,1024,[堖憰] 僪働價朮
31630,4096,[堖憰] 僶僼僅儊僢僩僶儖乕儞
31631,1024,[堖憰] 偨傟僔儏儈僢僣
31632,1024,[堖憰] 偨傟僆僗僇乕
31633,1024,[堖憰] 偨傟僴僀儞儕僸
31634,1024,[堖憰] 僩僫僇僀偺僿傾僶儞僪
31635,4096,[堖憰] 僼僃傾儕乕儘儞僌(僽儘儞僪)
31636,4096,[堖憰] 僼僃傾儕乕儘儞僌(僔儖僶乕)
31637,4096,[堖憰] 僗僩儗乕僩儘儞僌(惵)
31638,4096,[堖憰] 僗僩儗乕僩儘儞僌(愒)
31639,4096,[堖憰] 僗僩儗乕僩儘儞僌(嬥)
31640,4096,[堖憰] 僗僩儗乕僩儘儞僌(椢)
31641,4096,[堖憰] 僗僩儗乕僩儘儞僌(幗崟)
31642,4096,[堖憰] 僗僩儗乕僩儘儞僌(敄巼)
31643,4096,[堖憰] 僗僩儗乕僩儘儞僌(峠)
31644,4096,[堖憰] 僗僩儗乕僩儘儞僌(巼)
31645,4096,[堖憰] 僒僀僪僥乕儖(惵)
31646,4096,[堖憰] 僒僀僪僥乕儖(愒)
31647,4096,[堖憰] 僒僀僪僥乕儖(墿)
31648,4096,[堖憰] 僒僀僪僥乕儖(椢)
31649,4096,[堖憰] 僒僀僪僥乕儖(崟)
31650,4096,[堖憰] 僒僀僪僥乕儖(敀)
31651,4096,[堖憰] 僒僀僪僥乕儖(峠)
31652,4096,[堖憰] 僒僀僪僥乕儖(巼)
31653,4096,[堖憰] 僶僢僋僔僯儑儞(惵)
31654,4096,[堖憰] 僶僢僋僔僯儑儞(愒)
31655,4096,[堖憰] 僶僢僋僔僯儑儞(墿)
31656,4096,[堖憰] 僶僢僋僔僯儑儞(椢)
31657,4096,[堖憰] 僶僢僋僔僯儑儞(崟)
31658,4096,[堖憰] 僶僢僋僔僯儑儞(敀)
31659,4096,[堖憰] 僶僢僋僔僯儑儞(峠)
31660,4096,[堖憰] 僶僢僋僔僯儑儞(巼)
31661,1024,[堖憰] 峾偺僿儖儊僢僩
31662,1024,[堖憰] 愒摢嬓
31663,1024,[堖憰] 傾僒儔惛楈朮巕
31664,1024,[堖憰] 僄儖儞僗僩丒僼僅儞丒償僅儖僼11悽
31667,1024,[堖憰] 億儕儞儀儗乕朮
31668,1024,[堖憰] 儈僲僞僂儘僗偺妏
31669,2048,[堖憰] 僂傿僗僷乕儅僗僋(椢)
31670,4096,[堖憰] 夒恖宍儘儞僌僿傾
31671,4096,[堖憰] 僣僀儞僉儍僲儞
31672,4096,[堖憰] 儅乕儊僀僪僂傿僢僌
31673,2048,[堖憰] 僺僋僯僢僋僶僗働僢僩
31674,1024,[堖憰] 僕僞乕僶僌僉儍僢僾
31675,1024,[堖憰] 偩偄偩偄朮
31676,4096,[堖憰] 悙乆偟偄偩偄偩偄
31682,2048,[堖憰] 偨傟梔惛偺帹
31683,1024,[堖憰] 僴乕僩僂僀儞僌僿傾僶儞僪(忋抜)
31684,4096,[堖憰] 偔傞傝傫傁僿傾
31685,4096,[堖憰] 傆傫傢傝僙儈儘儞僌
31686,2048,[堖憰] 巕僨僓乕僩僂儖僼
31687,2048,[堖憰] 楤嬥弍巘偺僗僋僄傾僶僢僌
31688,2048,[堖憰] 尐忔傝億儕儞
31690,1024,[堖憰] 僼儗僀儉僶乕僪
31691,4096,[堖憰] 晄巚媍側僴僩
31692,2048,[堖憰] 峜棾偺揤梼
31694,4096,[堖憰] 偔傢偊偨儔僽儗僞乕
31695,4096,[堖憰] 嫄戝庽偺庒梩
31696,1024,[堖憰] 僔儍乕僋僴僢僩
31697,1024,[堖憰] 憙棫偪傪寎偊偨捁偺憙
31698,4096,[堖憰] 偍偝偘愒偢偒傫
31699,2048,[堖憰] 僯僐僯僐偟偨栚
31700,4096,[堖憰] 屆傃偨柪嵤僗僇乕僼
31702,1024,[堖憰] 僪儔儉側傝偒傝僼乕僪
31703,1024,[堖憰] 僶儗儞僞僀儞朮
31704,1024,[堖憰] 僗僂傿乕僩僶儗儞僞僀儞朮
31705,1024,[堖憰] 峠敀朮
31706,1024,[堖憰] 弢柍偺姇
31708,1024,[堖憰] 僑僔僢僋僗僇儖儕儃儞
31709,1024,[堖憰] 僑乕儖僨儞僶僀僆儗僢僩
31710,1024,[堖憰] 岾暉偺朮巕
31711,1024,[堖憰] 僕儏僄儖僋儔僂儞
31712,4096,[堖憰] 巁慺儅僗僋
31713,1024,[堖憰] 恄旈偺栘偺幚
31714,1024,[堖憰] 僀儞僨傿傾儞偺敨姫偒
31715,2048,[堖憰] 僆儗儞僕僂僒僊
31716,2048,[堖憰] 弖偔愒偄栚
31717,4096,[堖憰] 儈僨傿傾儉僂僃乕僽(僽儘儞僪)
31718,2048,[堖憰] 僗僇僀儔儞僞儞
31719,4096,[堖憰] 僣僀儞僽儗僀僘
31722,1024,[堖憰] 僙僪儔朮
31723,1024,[堖憰] 偪傑偒朮
31724,1024,[堖憰] 偪傑偒僼乕僪
31725,1024,[堖憰] 儗僀儞儃僂
31726,4096,[堖憰] 偔傢偊偨僴儞僇僠
31727,1024,[堖憰] 儕儃儞乮椢乯
31728,1024,[堖憰] 儕儃儞敒傢傜朮巕
31729,4096,[堖憰] 儈儔僋儖僾儔儞僩
31730,4096,[堖憰] 儃儕儏乕儉儘乕僣僀儞(嶗)
31732,4096,[堖憰] 僴乕僩儀傾僶儖乕儞
31733,1024,[堖憰] 僼傽儞僩儉僆僽儅僗僇儗乕僪
31734,2048,[堖憰] 僔僩儔僗儕儃儞
31735,4096,[堖憰] 敧孴偺晻庺
31737,8192,[堖憰] 儖僔僼傽乕偺梼
31762,4096,[堖憰] 偔傢偊偨僴乕僩偺僄乕僗
31763,2048,[堖憰] 僼僅僥傿傾偺壖柺
31764,2048,[堖憰] 擑怓偺償僃乕儖(拞抜)
31765,1024,[堖憰] 僈乕僱僢僩僥傿傾儔
31766,1024,[堖憰] 壊扥偺敮忺傝
31769,1024,[堖憰] 僶僯乕僿傾僶儞僪(烌)
31770,1024,[堖憰] 僶僯乕僿傾僶儞僪(巼)
31771,1024,[堖憰] 僶僯乕僿傾僶儞僪(惵)
31772,1024,[堖憰] 僶僯乕僿傾僶儞僪(嬧)
31773,1024,[堖憰] 僶僯乕僿傾僶儞僪(悈)
31774,1024,[堖憰] 僶僯乕僿傾僶儞僪(峠)
31775,1024,[堖憰] 僶僯乕僿傾僶儞僪(嬥)
31776,1024,[堖憰] 僶僯乕僿傾僶儞僪(奃)
31777,1024,[堖憰] 僶僯乕僿傾僶儞僪(墿)
31778,1024,[堖憰] 僶僯乕僿傾僶儞僪(搷)
31779,1024,[堖憰] 僶僯乕僿傾僶儞僪(椢)
31780,1024,[堖憰] 僫儅働儌僲朮巕
31781,1024,[堖憰] 億億儕儞僿傾僺儞
31782,2048,[堖憰] 僇乕僪儃乕僪儃僢僋僗(旣側偟)
31783,1024,[堖憰] 僯儍儞僶儖乕儞
31784,1024,[堖憰] 幚尡惉懱僑乕僩宆僉儍僢僾
31785,2048,[堖憰] 夦嫑偺僄儔
31786,1024,[堖憰] 儗僢僪儀價乕僪儔僑儞
31787,2048,[堖憰] 尐忔傝僒儀乕僕儀儀
31788,4096,[堖憰] 僺傾儊僢僩儘乕儖僿傾(僔儖僶乕)
31789,1024,[堖憰] 朻尟壠僞乕僉乕
31790,1024,[堖憰] 峠寣偺僌儕儌儚乕儖
31791,4096,[堖憰] 傇偨偝傫儅僗僋
31793,4096,[堖憰] 鄷揤巊偺塇栄
31794,1024,[堖憰] 僀僰帹朮巕
31795,2048,[堖憰] 僄儗僼傽儞僩僼僃傾儕乕
31796,1024,[堖憰] 僺儞僋僀儖僇
31797,4096,[堖憰] 僔乕僘乕儘儞僌
31798,2048,[堖憰] 儀價乕僷儞僟
31799,1024,[堖憰] 僾儕僥傿乕儂儚僀僩儀傾
31804,1024,[堖憰] 壴暱朮巕
31805,1024,[堖憰] 僒儞僌儔僗朮
31806,1024,[堖憰] 惵偄僇僄儖朮巕
31807,1024,[堖憰] 僋僕儍僋偺朮巕
31808,1024,[堖憰] 妛幰朮(愒)
31809,1024,[堖憰] 偲傫偑傝朮巕(愒)
31810,1024,[堖憰] 揤巊偺僿傾僶儞僪(惵)
31811,1024,[堖憰] 搻懐偺摢嬓
31812,1024,[堖憰] 婸偔揹媴偺僿傾僶儞僪
31813,2048,[堖憰] 尐忔傝儖僫僥傿僢僋
31814,2048,[堖憰] 儖僫僥傿僢僋壠懓僶儖乕儞
31815,1024,[堖憰] 傾儞僑儔偺堚巙
31816,4096,[堖憰] 寧偺巊幰偺塇堖
31817,4096,[堖憰] 儔價僢僩僣乕僒僀僪傾僢僾
31818,1024,[堖憰] Top Player
31821,1024,[堖憰] 僕僃僕僃僉儍僢僾
31823,2048,[堖憰] 旲娽嬀
31824,2048,[堖憰] 壔偗擫壖柺
31825,4096,[堖憰] 埆杺偺愩
31826,1024,[堖憰] 偪傚偄傢傞儀傾朮
31827,4096,[堖憰] 僒僀僪偍偝偘僼乕僪
31830,2048,[堖憰] 棾婻巑偺娽懷
31831,4096,[堖憰] 僨傿僗僈僀僘偺奜搮
31832,1024,[堖憰] 僴僠儚儗擫偺杺彈朮巕
31833,4096,[堖憰] 僴儘僂傿儞僱僐僔儑乕僩
31834,4096,[堖憰] 僴儘僂傿儞僱僐儘儞僌
31836,1024,[堖憰] 僽儔僕儕僗偺敪柧壠偺朮巕
31837,1024,[堖憰] 僒儊偺旐傝暔
31838,1024,[堖憰] 僂儖僪偺寧宩姤
31839,2048,[堖憰] 僂儖僪偺梼
31840,1024,[堖憰] 僒僀僶乕僿僢僪僙僢僩
31842,1024,[堖憰] 崉桬柍憃偺栦朮巕
31843,2048,[堖憰] 僿償儞儕乕僆乕僟乕
31844,4096,[堖憰] 朶搆偺僗僇乕僼
31845,1024,[堖憰] 嬤塹暫偺朮巕
31846,4096,[堖憰] 儔僽儕乕儕儃儞僿傾乕
31847,2048,[堖憰] 弖偔僇僋僥儖僽儖乕傾僀
31848,1024,[堖憰] 儘乕僘僑僔僢僋儃儞僱僢僩
31849,1024,[堖憰] 儔儞僫僂僃乕丒傾僋僙儔儗乕僞
31850,1024,[堖憰] 僷僫僊傾偺憽傝暔
31851,2048,[堖憰] 僼傽儔儞僋僗
31852,4096,[堖憰] 僂傿僢僠働乕僾
31853,2048,[堖憰] 僝儞價偺偍柺
31854,2048,[堖憰] 僗僀乕僣僷乕僥傿乕
31855,4096,[堖憰] 僠儑僐偒偺偙僂傿僢僌
31856,4096,[堖憰] 僄傾儕乕僣乕僒僀僪傾僢僾(僽儘儞僪)
31857,4096,[堖憰] 僄傾儕乕僣乕僒僀僪傾僢僾(僔儖僶乕)
31858,2048,[堖憰] 僔僯儑儞僾儕儞僙僗僂僃乕僽(惵)
31859,2048,[堖憰] 僔僯儑儞僾儕儞僙僗僂僃乕僽(愒)
31860,2048,[堖憰] 僔僯儑儞僾儕儞僙僗僂僃乕僽(墿)
31861,2048,[堖憰] 僔僯儑儞僾儕儞僙僗僂僃乕僽(椢)
31862,2048,[堖憰] 僔僯儑儞僾儕儞僙僗僂僃乕僽(崟)
31863,2048,[堖憰] 僔僯儑儞僾儕儞僙僗僂僃乕僽(敀)
31864,2048,[堖憰] 僔僯儑儞僾儕儞僙僗僂僃乕僽(峠)
31865,2048,[堖憰] 僔僯儑儞僾儕儞僙僗僂僃乕僽(巼)
31866,1024,[堖憰] 嶰偮曇傒僇僠儏乕僔儍(惵)
31867,1024,[堖憰] 嶰偮曇傒僇僠儏乕僔儍(愒)
31868,1024,[堖憰] 嶰偮曇傒僇僠儏乕僔儍(墿)
31869,1024,[堖憰] 嶰偮曇傒僇僠儏乕僔儍(椢)
31870,1024,[堖憰] 嶰偮曇傒僇僠儏乕僔儍(崟)
31871,1024,[堖憰] 嶰偮曇傒僇僠儏乕僔儍(敀)
31872,1024,[堖憰] 嶰偮曇傒僇僠儏乕僔儍(峠)
31873,1024,[堖憰] 嶰偮曇傒僇僠儏乕僔儍(巼)
31874,4096,[堖憰] 僄僉僝僠僢僋儃僽L(悈怓)
31875,4096,[堖憰] 僄僉僝僠僢僋儃僽L(墿)
31876,4096,[堖憰] 僄僉僝僠僢僋儃僽L(敀)
31877,4096,[堖憰] 僄僉僝僠僢僋儃僽L(敄巼)
31878,4096,[堖憰] 僄僉僝僠僢僋儃僽R(搷)
31879,4096,[堖憰] 僄僉僝僠僢僋儃僽R(惵椢)
31880,4096,[堖憰] 僄僉僝僠僢僋儃僽R(幗崟)
31881,4096,[堖憰] 僄僉僝僠僢僋儃僽R(拑)
31882,4096,[堖憰] 偔傢偊偨僠儑僐僗僥傿僢僋
31883,4096,[堖憰] 僼僅僢僋僗僿傾
31884,1024,[堖憰] 僨儌僯僢僔儏僿儖儉
31885,4096,[堖憰] 僞僀儔儞僩僆僽傾乕僗
31887,4096,[堖憰] 僗僲僂僲僂儅僼儔乕
31888,1024,[堖憰] 偨傟儂儚僀僩僞僀僈乕恖宍
31889,1024,[堖憰] 僕僃儈僯僋儔僂儞
31890,1024,[堖憰] 僒僕僞儕僂僗僟僀傾僨儉
31902,2048,[堖憰] 堦楇幃椻偨偄栚
31903,1024,[堖憰] 儂儚僀僩僗僱僀僋
31904,1024,[堖憰] 僗僲乕僷儗乕僪朮
31905,4096,[堖憰] 僽儔儞僱乕僕儏僾儔儞僗
31906,1024,[堖憰] 擏媴庣岇愇偺僯僢僩朮(僺儞僋)
31907,1024,[堖憰] 擏媴庣岇愇偺僯僢僩朮(僽儔僂儞)
31909,1024,[堖憰] 僙僽儞-僀儗僽儞僯僢僩朮
31910,4096,[堖憰] 傆傢傆傢偺敀僸僎
31911,2048,[堖憰] 儕僩儖僈乕僨儞
31912,1024,[堖憰] 僽儔僢僋償僃乕儖
31913,1024,[堖憰] 僽儔僢僋僼僃僓乕
31914,1024,[堖憰] 儈僯儀儗乕僿傾僶儞僪
31915,4096,[堖憰] 僗僂傿乕僩僐儘僱
31916,4096,[堖憰] 僼儕儖偺偮偗嬢
31917,8192,[堖憰] 塰岝偺屼婙(愒)
31918,1024,[堖憰] 僷乕僥傿乕儊儞僶乕曞廤朮
31919,1024,[堖憰] 桭払曞廤朮
31920,1024,[堖憰] 僂僃僗僞儞僌儗僀僗
31921,4096,[堖憰] 僼僃傾儕乕儘儞僌(嶗)
31922,4096,[堖憰] 傆傫傢傝僙儈儘儞僌(僔儖僶乕)
31923,2048,[堖憰] 儀價乕儂僢僉儑僋僌儅
31924,2048,[堖憰] 弖偔惵偄栚
31927,4096,[堖憰] 偔傢偊偨偊傫傄偮乮惵乯
31928,1024,[堖憰] 帋尡娗僿傾僶儞僪
31929,1024,[堖憰] 僗儅僀儖捠妛朮
31930,2048,[堖憰] 儅僀僋僗僞儞僪
31931,2048,[堖憰] 僴乕僼儕儉儊僈僱
31932,4096,[堖憰] 僗乕僣偺嬢
31933,4096,[堖憰] 夒恖宍儘儞僌僿傾(敄巼)
31934,2048,[堖憰] 弖偔嶗昉偺摰
31935,1024,[堖憰] 儀價乕僪儔僑儞
31936,4096,[堖憰] 僴僯乕僫僢僣僪乕僫僣
31937,1024,[堖憰] 儐僯僐乕儞偺敮忺傝
31938,4096,[堖憰] 備傞曇傒儘乕僣僀儞
31939,1024,[堖憰] 僇乕僱乕僔儑儞偺壴姤
31940,2048,[堖憰] 僊偺壖柺
31941,1024,[堖憰] 僗乕僷乕僙儖
31942,2048,[堖憰] 壜楓側錕錘
31943,1024,[堖憰] 塉奮偺僼乕僪
31944,4096,[堖憰] 僄儗僈儞僩僂僃乕僽
31946,2048,[堖憰] 杺墹偺栚
31947,2048,[堖憰] 僟乕僋僱僗儂乕儞
31948,2048,[堖憰] 僀儕儏乕僕儑儞傾僀僘
31949,2048,[堖憰] 僨傿傾儃儘僗僂傿儞僌
31950,1024,[堖憰] 儕僗偺旐傝暔
31951,4096,[堖憰] 娒偊偨敀擫
31952,1024,[堖憰] 僎乕僩僆僽僱僓乕儚乕儖僪
31953,2048,[堖憰] 僐儖丒僐傾僿僢僪僼僅儞
31954,4096,[堖憰] 楆懏偺庱椫
31959,4096,[堖憰] 儖乕儞僫僀僩僂僃乕僽(崟)
31960,4096,[堖憰] 儖乕儞僫僀僩僂僃乕僽(惵)
31961,4096,[堖憰] 儖乕儞僫僀僩僂僃乕僽(椢)
31962,4096,[堖憰] 儖乕儞僫僀僩僂僃乕僽(峠)
31963,4096,[堖憰] 儖乕儞僫僀僩僂僃乕僽(搷)
31964,4096,[堖憰] 儖乕儞僫僀僩僂僃乕僽(巼)
31965,4096,[堖憰] 儖乕儞僫僀僩僂僃乕僽
31966,4096,[堖憰] 儖乕儞僫僀僩僂僃乕僽(敀)
31967,4096,[堖憰] 儖乕儞僫僀僩僂僃乕僽(墿)
31968,4096,[堖憰] 傾乕僋價僔儑僢僾億僯乕(崟)
31969,4096,[堖憰] 傾乕僋價僔儑僢僾億僯乕(敄巼)
31970,4096,[堖憰] 傾乕僋價僔儑僢僾億僯乕
31971,4096,[堖憰] 傾乕僋價僔儑僢僾億僯乕(敀)
31973,2048,[堖憰] 嶗僒儞僌儔僗
31975,4096,[堖憰] 僗僂傿乕僩億僥僩
400020,1024,[堖憰] 價乕僠儃乕儖
400046,1024,[堖憰] 柤幩庤偺傝傫偛偺旐傝暔
400096,1024,[堖憰] 億儕儞僷乕僥傿乕朮
400103,1024,[堖憰] 晄巰捁偺姤
400104,2048,[堖憰] 僆乕僨傿儞儅僗僋(拞抜)
400108,1024,[堖憰] 塣柦偺儖乕儗僢僩朮
400115,1024,[堖憰] 億儕儞暱偺娵朮巕
400124,1024,[堖憰] 阾柧偺儅僕僃僗僥傿僢僋僑乕僩
400128,1024,[堖憰] 偨傟僗儅乕僩僄儕乕
400131,1024,[堖憰] 僽儕儏儞僸儖僨偺僟僀傾僨儉
400132,1024,[堖憰] 傾僼儘偐偮傜
400133,1024,[堖憰] 僆乕儘儔僷儗乕僪朮
400136,1024,[堖憰] 屆戙偺嬥憰忺
400143,1024,[堖憰] 恀峠偺償傽儖僉儕乕僒乕僋儗僢僩
400144,1024,[堖憰] 僙儔僼傿儉僼僃僓乕僶儞僪
400157,1024,[堖憰] 愯惎弍巘偺嶰妏朮
400158,1024,[堖憰] 僨乕儌儞僋儔僂儞
400161,1024,[堖憰] 儔僽僟僢僪僶儞僟僫
400162,1024,[堖憰] 僐儖僙傾(愒)
400163,1024,[堖憰] 儂僄乕儖僉儍僢僾
400165,1024,[堖憰] 惵儕儞僑朮
400166,1024,[堖憰] 僄乕僊儖僿儖儉
400167,1024,[堖憰] 夅庢慄崄
400168,1024,[堖憰] 僊僼僩僆僽僀僘儖乕僪
400169,1024,[堖憰] 僼傿僢僔儏僿傾僺儞
400170,1024,[堖憰] 僕儍僥傿懓偺惞姤
400171,8192,[堖憰] 僄儞僕僃儖僼僃僓乕
400172,1024,[堖憰] 僷僌僟儎(忋抜)
400173,2048,[堖憰] 攈庤側僼傽儞僩儉儅僗僋(拞抜)
400174,1024,[堖憰] 償傽僀僗價傾
400175,1024,[堖憰] 僉儍儞僾僼傽僀儎乕
400176,1024,[堖憰] 嬥嫑敨僷僼僃僪儗僗僴僢僩
400182,1024,[堖憰] 書偒偮偒僱僐
400183,2048,[堖憰] 僂僒僊偺帹摉偰(拞抜)
400184,1024,[堖憰] 僸儖僂傿儞僪儅僗僋(忋抜)
400185,1024,[堖憰] 僞僀僈乕儅僗僋(愒)
400186,1024,[堖憰] 僌儕乕儞僗僱僀僋
400188,1024,[堖憰] RAGNAROK
400193,1024,[堖憰] 偨傟擫乮嵁乯
400195,1024,[堖憰] 儁僷儘僯僺僢僣傽
400196,1024,[堖憰] 從偒偄傕&從偒偲偆傕傠偙偟
400197,1024,[堖憰] 僗僂傿乕僩僔僃僼僴僢僩
400205,1024,[堖憰] 偍偩傫偛僣僀儞僥乕儖(惵)
400206,1024,[堖憰] 偍偩傫偛僣僀儞僥乕儖(愒)
400207,1024,[堖憰] 偍偩傫偛僣僀儞僥乕儖(墿)
400208,1024,[堖憰] 偍偩傫偛僣僀儞僥乕儖(椢)
400209,1024,[堖憰] 偍偩傫偛僣僀儞僥乕儖(崟)
400210,1024,[堖憰] 偍偩傫偛僣僀儞僥乕儖(敀)
400211,1024,[堖憰] 偍偩傫偛僣僀儞僥乕儖(峠)
400212,1024,[堖憰] 偍偩傫偛僣僀儞僥乕儖(巼)
400214,1024,[堖憰] 僼僃僀僗僆僽僀僌僪儔僔儖
400221,1024,[堖憰] 僕儍僗僷乕僒乕僋儗僢僩
400223,1024,[堖憰] 僼傽儞僞僗僥傿僢僋傾僼儘偐偮傜
400224,1024,[堖憰] 僱僀價乕儀儗乕
400225,1024,[堖憰] 傕偙傕偙僂僒僊働乕僾
400232,1024,[堖憰] 僗僲乕儅儞
400253,1024,[堖憰] 儅僇儘儞僶僯乕僿僢僪僪儗僗
400254,1024,[堖憰] 僑僔僢僋僂僀儞僌僿傾僶儞僪(忋抜)
400258,4096,[堖憰] 儚儞僟儔乕僇乕儖
400259,1024,[堖憰] 壒晞偺僇僠儏乕僔儍
400260,1024,[堖憰] 杺朄偺儔儞僾
400269,1024,[堖憰] 夰嫿偺僒僋儔
400270,1024,[堖憰] 億儕儞偺僈乕僨儞億僢僩
400271,1024,[堖憰] 墍寍僙僢僩
400272,1024,[堖憰] 昐壴偺婩
400277,1024,[堖憰] 儁儖儘僢僋偺崟偄朮巕
400278,1024,[堖憰] 摢忔傝僆儊僈
400280,1024,[堖憰] AI僫價
400290,1024,[堖憰] 揤巊偺僿傾僶儞僪(搷)
400292,1024,[堖憰] 尒廗偄揤巊偺廽暉
400309,1024,[堖憰] 20廃擭婰擮億儕儞
400310,1024,[堖憰] 幗崟偺償傽儖僉儕乕僒乕僋儗僢僩
400311,1024,[堖憰] 岝偲埮偺塇姇
400313,1024,[堖憰] 僊儍儔僋僔乕僒乕僋儗僢僩
400314,1024,[堖憰] 僲乕僓儞僋儘僗
400315,1024,[堖憰] 惵偺榝惎
400320,1024,[堖憰] 僪儔儉側傝偒傝僼乕僪(崟)
400321,1024,[堖憰] 傾僇僨儈乕怴擖惗朮巕
400325,1024,[堖憰] 偝偡傜偄楾偺朮巕(忋抜)
400326,1024,[堖憰] 僞僂儔僗僴僢僩
400327,4096,[堖憰] 儗儞僕儍乕僴乕僼傾僢僾
400341,1024,[堖憰] 嬻偒娛朮
400342,1024,[堖憰] 恀偭敀偄僣僲
400343,1024,[堖憰] 屜帹偺妢
400347,1024,[堖憰] 僱僋儘儅儞僒乕偺摢嬓(忋抜)
400348,1024,[堖憰] 愒偄擫帹杺彈朮巕
400349,1024,[堖憰] 僷儞僾僉儞僴僢僩
400350,1024,[堖憰] 嵃偺儕儞僌
400351,1024,[堖憰] 億儕儞僿儖儊僢僩
400354,1024,[堖憰] 償傽僫儖僈儞僪偺嬥姇
400355,1024,[堖憰] 僋儔僔僇儖僶儖乕儞僴僢僩
400356,1024,[堖憰] 僨僯儉僀僌僯僗僉儍僢僾
400369,1024,[堖憰] 偆偝帹僄僢僌朮
400370,1024,[堖憰] 巼偺擫帹杺彈朮巕
400397,1024,[堖憰] 僾儕僥傿儔價僢僩僼乕僪(忋抜)
400398,1024,[堖憰] 塇偺儂儚僀僩儀儗乕
400402,1024,[堖憰] 僄儞僕僃儕儞僌働乕僉朮
400403,2048,[堖憰] 僼僃僀僗僋儔僢僔儍乕(拞抜)
400404,1024,[堖憰] 偨傟僪儘僔乕恖宍
400405,1024,[堖憰] 僔儑僐儔僴僢僩
400406,1024,[堖憰] 偍偐偟偺偲傝偙
400422,1024,[堖憰] 僟乕僋僶僔儕僂儉(忋抜)
400423,4096,[堖憰] 悽奅傪怚傓庺鎓
400424,1024,[堖憰] 僆僂儖償傽僀僇僂儞僩偺僔儖僋僴僢僩
400425,4096,[堖憰] 捁庪偺屇巕
400426,1024,[堖憰] 栘偺梩偨偸偒朮
400427,4096,[堖憰] 僨儈僼儗僀儎僿傾
400429,1024,[堖憰] 嶳妜僿儖儊僢僩
400430,1024,[堖憰] 憃巕偺僉儍僗働僢僩
400431,1024,[堖憰] 嶗偺杺彈朮巕
400432,1024,[堖憰] 僴乕僩儔價僢僩儀儗乕
400435,1024,[堖憰] 儅僢僪僴僢僞乕偺朮巕
400436,1024,[堖憰] 僆乕僶乕僺傾儊僢僩摢嬓
400439,1024,[堖憰] 揤巊偺岥偯偗
400446,1024,[堖憰] 朻尟幰偺朮巕
400449,1024,[堖憰] 偨傟儊僀僪
400450,1024,[堖憰] 儔僀僆儞僋儔僂儞
400452,1024,[堖憰] 廳憰曕暫偺嬧姇
400458,1024,[堖憰] 婼恄偺柨桭
400459,1024,[堖憰] 奀孯巑姱朮
400460,1024,[堖憰] 僶乕僗僩僼儗僀儉
400461,1024,[堖憰] 峠偺奀懐朮巕
400462,1024,[堖憰] 僙乕儔乕僉儍僢僾
400475,1024,[堖憰] 僱僆儞億儕儞僒乕僋儗僢僩
400480,1024,[堖憰] 偵傖傫偵傖傫敒傢傜朮巕
400495,1024,[堖憰] 嶰擔寧偺姇(忋抜)
400496,1024,[堖憰] 敀屜帹
400497,1024,[堖憰] 傾僇僨儈乕戞堦廋椆朮巕
400502,1024,[堖憰] 儕儞僌
400516,1024,[堖憰] 僗僇儖僼乕僪(忋抜)
400517,1024,[堖憰] 屼壘偺撆椦岀
400518,1024,[堖憰] 僕儏僲乕偺娽
400525,1024,[堖憰] 儎儅僱僐僯僢僩朮(敀)
400526,1024,[堖憰] 巶巕墹偺姇(忋抜)
400527,1024,[堖憰] 偨傟擫乮拑乯
400565,1024,[堖憰] 儈僯儈僯僨價儖儕儞僌
400567,1024,[堖憰] 傾僂僃僀僉儞僌僽儖乕儉
400588,1024,[堖憰] 暉嬓拝
400594,1024,[堖憰] 僋儘僢僋儚僀僘
400595,1024,[堖憰] 惞曣偺帨垽(忋抜)
400596,1024,[堖憰] 僾僠僠儑僐僴僢僩
400607,1024,[堖憰] 儔僀僆僢僩僠僢僾
400633,1024,[堖憰] 僔僢僋僺僆僯乕
400634,1024,[堖憰] 梔杺偺偝偝傗偒
400635,1024,[堖憰] 壴偺僒儅乕僯僢僩朮
400655,4096,[堖憰] 偔傢偊偨僞僐懌
400656,1024,[堖憰] 敀偒僇乕儕僢僣僶乕僌婻巑抍偺僿儖儉
400657,1024,[堖憰] 僸僃僌儞朮(忋抜)
400668,1024,[堖憰] 媿朮巕
400669,1024,[堖憰] 僀僄儘乕僿僢僪僪儗僗
400670,1024,[堖憰] 敀擫僇僢僾
400682,1024,[堖憰] 敀擫偺僼乕僪(忋抜)
400684,1024,[堖憰] 僩價僱僘儈偺僇僠儏乕僔儍
400700,1024,[堖憰] 惵棿偺旐傝暔
400701,1024,[堖憰] 僼傽儖僼傽乕儗帺寈抍朮
410005,2048,[堖憰] 晜梀偡傞傾乕僥傿僼傽僋僩
410021,2048,[堖憰] 崒柭屰
410022,2048,[堖憰] 惵偺曄柺
410029,2048,[堖憰] 儚儞僟乕僄僢僌僶僗働僢僩
410030,2048,[堖憰] 僇儞僩儕乕僥乕儖(惵)
410031,2048,[堖憰] 僇儞僩儕乕僥乕儖(愒)
410032,2048,[堖憰] 僇儞僩儕乕僥乕儖(墿)
410033,2048,[堖憰] 僇儞僩儕乕僥乕儖(椢)
410034,2048,[堖憰] 僇儞僩儕乕僥乕儖(崟)
410035,2048,[堖憰] 僇儞僩儕乕僥乕儖(敀)
410036,2048,[堖憰] 僇儞僩儕乕僥乕儖(峠)
410037,2048,[堖憰] 僇儞僩儕乕僥乕儖(巼)
410038,2048,[堖憰] 嶰偮曇傒僴乕僼傾僢僾(惵)
410039,2048,[堖憰] 嶰偮曇傒僴乕僼傾僢僾(愒)
410040,2048,[堖憰] 嶰偮曇傒僴乕僼傾僢僾(墿)
410041,2048,[堖憰] 嶰偮曇傒僴乕僼傾僢僾(椢)
410042,2048,[堖憰] 嶰偮曇傒僴乕僼傾僢僾(崟)
410043,2048,[堖憰] 嶰偮曇傒僴乕僼傾僢僾(敀)
410044,2048,[堖憰] 嶰偮曇傒僴乕僼傾僢僾(峠)
410045,2048,[堖憰] 嶰偮曇傒僴乕僼傾僢僾(巼)
410046,2048,[堖憰] 18廃擭婰擮儃乕僪
410047,2048,[堖憰] 塸梇偺儅僗僋
410048,2048,[堖憰] 屨
410049,2048,[堖憰] 弖偔僑乕儖僨儞傾僀
410051,2048,[堖憰] 晳偄崀傞愥
410053,2048,[堖憰] 戅杺偺僌儔僗
410054,2048,[堖憰] 儘儞僌儕儃儞
410055,2048,[堖憰] 備傜備傜僷儔僜儖
410056,2048,[堖憰] 僸儓僐
410061,2048,[堖憰] 僨價儖僠僄僾儘儞
410062,2048,[堖憰] 偺傎傎傫僼僃僀僗
410063,2048,[堖憰] 偝偔傜傫傏儕儃儞
410068,2048,[堖憰] 偍偝偐側儅儖僔僃
410072,2048,[堖憰] 僨儌儞僘僼傽儈儕傾
410073,2048,[堖憰] 僟僀傾僨儉(拞抜)
410074,2048,[堖憰] 崟寣偺栚塀偟
410075,2048,[堖憰] Hagu Hagu 億儕儞
410076,2048,[堖憰] Hagu Hagu 儅乕儕儞
410077,2048,[堖憰] 岾偣偺晽慏
410081,2048,[堖憰] 夝曻偝傟偨戝抧
410082,2048,[堖憰] 僴僢僺乕僇乕僯僶儖僶儖乕儞
410083,2048,[堖憰] 僗僉儏乕僶乕儅僗僋
410086,2048,[堖憰] 僾儗儈傾儊儘儞僿僢僪僼僅儞
410095,2048,[堖憰] 尐忔傝敀擫
410098,2048,[堖憰] 僱儘偺壖柺
410099,2048,[堖憰] 暅廞幰
410103,2048,[堖憰] 庺偄偺僔儖僋
410104,2048,[堖憰] 儖乕僪儅僗僋(拞抜)
410105,2048,[堖憰] 僉儏乕僽儅僗僋(拞抜)
410107,2048,[堖憰] 暷昒(拞抜)
410108,2048,[堖憰] 崟幠
410111,2048,[堖憰] 僀儞僥乕僋(惵)
410112,2048,[堖憰] 僀儞僥乕僋(愒)
410113,2048,[堖憰] 僀儞僥乕僋(墿)
410114,2048,[堖憰] 僀儞僥乕僋(椢)
410115,2048,[堖憰] 僀儞僥乕僋(崟)
410116,2048,[堖憰] 僀儞僥乕僋(敀)
410117,2048,[堖憰] 僀儞僥乕僋(峠)
410118,2048,[堖憰] 僀儞僥乕僋(巼)
410121,2048,[堖憰] 僈乕僨傿傾儞僿儖儉
410122,2048,[堖憰] 弖偔僺儞僋傾僀
410123,2048,[堖憰] 僋儅偺旐傝暔
410126,2048,[堖憰] 嫵庼偺儈僯僌儔僗
410127,2048,[堖憰] 僗億僢僩儔僀僩
410128,2048,[堖憰] 僷儚乕僪僀儞僇儉
410131,2048,[堖憰] 敀屨
410138,2048,[堖憰] 僼儔儚乕億僢僩儅僗僋(拞抜)
410143,2048,[堖憰] 偪傚傃傂偘
410144,2048,[堖憰] 僆儊僈偺僑儖僼僶僢僌
410145,2048,[堖憰] 傾僌僱僗丒儈僯儈乕
410146,4096,[堖憰] 僪僽儕僗丒儈僯儈乕
410147,2048,[堖憰] 僄儗僫丒儈僯儈乕
410148,2048,[堖憰] 僄儕儏儈僫丒儈僯儈乕
410149,2048,[堖憰] 償僃儖僫乕丒儈僯儈乕
410156,2048,[堖憰] 僽乕働僶儗僢僞
410157,2048,[堖憰] 僴僾僯儞僌僋儘乕僶乕
410160,2048,[堖憰] 儅僕僢僋僙儗僗僥傿傾儖僌儘乕僽
410168,2048,[堖憰] 僴乕僩偺晽慏
410170,2048,[堖憰] 惎偺娽懷
410171,2048,[堖憰] 幍梉偺嶚忺傝
410178,2048,[堖憰] 僾儕儞僙僗儊儘儞僿僢僪僼僅儞
410179,2048,[堖憰] 僋僀乕儞儊儘儞僿僢僪僼僅儞
410182,2048,[堖憰] 椃恖偺僆僀儖儔儞僞儞
410187,2048,[堖憰] 傇偔傇偔僴儞僥傿儞僌僑乕僌儖
410188,2048,[堖憰] 崙墹丒儈僯儈乕
410189,2048,[堖憰] 僄儞僕僃儕儞僌丒儈僯儈乕
410190,2048,[堖憰] 僙僀儗儞丒儈僯儈乕
410191,2048,[堖憰] 僗僺乕僇丒儈僯儈乕
410193,2048,[堖憰] 僌儔儕儞丒儈僯儈乕
410194,2048,[堖憰] 敀屜偺壖柺(拞抜)
410195,2048,[堖憰] 傕傆傕傆儔僽儕乕僼僅僢僋僗
410196,2048,[堖憰] 懢嬌偺帹忺傝(墿)
410198,2048,[堖憰] 僨價儖僠偺墐
410199,2048,[堖憰] 儈僢僪僫僀僩僉儍儞僪儖
410200,2048,[堖憰] 敀僂僒僊幏帠
410202,2048,[堖憰] 億儕儞僗僋乕僞乕
410212,2048,[堖憰] 儕僩儖傾價僗僪儔僑儞
410219,2048,[堖憰] 僼儗儈僢僔儏僕儍僀傾儞僩
410220,2048,[堖憰] 弖偔僼儘乕僘儞傾僀
410224,2048,[堖憰] 扥怓偺儕儃儞
410230,2048,[堖憰] 憃巕偺僣僀儞儕儃儞
410231,4096,[堖憰] 僥傿乕僷乕僥傿乕
410234,2048,[堖憰] 斀媡偺夰拞帪寁
410236,2048,[堖憰] 捁偐偛僉儍儞僪儖儂儖僟乕
410238,2048,[堖憰] 巹暈嫵峜丒儈僯儈乕
410239,2048,[堖憰] 偆偒偆偒僥傿儖價乕
410241,2048,[堖憰] 儕儃儞僗僀乕僣僷乕僥傿乕
410242,2048,[堖憰] 儚儞僟儔乕僌儕儉儕乕僷乕
410245,2048,[堖憰] 傾僯僉偺塻偄娽岝
410248,2048,[堖憰] 僩僁僋僩僁僋
410252,2048,[堖憰] 僄僀儕傾儞僒儞僌儔僗(愒)
410255,2048,[堖憰] 峠敀敨姫偒
410258,2048,[堖憰] 僇僽僉儅僗僋(拞抜)
410261,2048,[堖憰] 僉儞僌儊儘儞僿僢僪僼僅儞
410262,2048,[堖憰] 僜僯僢僋丒儈僯儈乕
410263,2048,[堖憰] 僗乕僷乕僜僯僢僋丒儈僯儈乕
410264,2048,[堖憰] 僥僀儖僗丒儈僯儈乕
410265,4096,[堖憰] 儕儞僌乮旐寕乯
410276,2048,[堖憰] 墔楈夦堎偺帹
410277,2048,[堖憰] 儔僌僪乕儖
410278,2048,[堖憰] 弖偔僽儔僢僨傿傾僀
410281,2048,[堖憰] 僞僀僈乕僼僃僀僗(拞抜)
410282,2048,[堖憰] 僶儖乕儞儕儕乕僗
410286,2048,[堖憰] 婾恄偺僀價儖傾僀
410287,8192,[堖憰] 僐僘儈僢僋僐僱僋僔儑儞(尐偵偐偗傞暔)
410296,2048,[堖憰] 堦彙時
410297,2048,[堖憰] 弖偔屆棿偺摰
410311,2048,[堖憰] 僑儖僑乕儞偺壴姤
410312,2048,[堖憰] 僋儘乕僶乕偺僿傾僺儞
410317,2048,[堖憰] 傾僀儅僗僋
410318,2048,[堖憰] 儘乕僪僆僽僨僗偺姇(拞抜)
410319,2048,[堖憰] 僞僫僩僗偺斶偟傒壖柺(拞抜)
410320,2048,[堖憰] 弖偔僨儈僼儗僀儎偺摰
410324,2048,[堖憰] 僈乕僨傿傾儞僆僽傾價僗(拞抜)
410325,2048,[堖憰] 僀儞僞乕僨傿儊儞僔儑僫儖儕僼僩
410328,2048,[堖憰] 傆傢傆傢僷儞壆偝傫
410343,2048,[堖憰] 晧彎暫偺娽懷
420014,4096,[堖憰] 榓敮偐偮傜
420015,1024,[堖憰] 婼昉偺捴忺傝
420016,2048,[堖憰] 宍戙晳偄
420023,4096,[堖憰] 憉傗偐儈儞僩僈儉
420024,4096,[堖憰] 僨價儖僠僶儖乕儞
420025,2048,[堖憰] 堦偮栚僕儍僢僋
420026,4096,[堖憰] 儃儕儏乕儉僺傾儊僢僩儕儃儞
420027,4096,[堖憰] 僼傿僢僔儏儃乕儞僿傾
420029,2048,[堖憰] 僀儞儁儕傾儖僌儘乕儕乕
420033,2048,[堖憰] 僄傾儕乕僣乕僒僀僪傾僢僾(敀)
420034,2048,[堖憰] 儘儞僌僂僃乕僽(僽儘儞僪)
420035,2048,[堖憰] 儘儞僌僂僃乕僽(僔儖僶乕)
420036,2048,[堖憰] 傆傫傢傝僙儈儘儞僌(悈怓)
420037,2048,[堖憰] 傆傫傢傝僙儈儘儞僌(嶗)
420038,2048,[堖憰] 傆傫傢傝僙儈儘儞僌(墿)
420039,2048,[堖憰] 傆傫傢傝僙儈儘儞僌(惵椢)
420040,2048,[堖憰] 傆傫傢傝僙儈儘儞僌(幗崟)
420041,2048,[堖憰] 傆傫傢傝僙儈儘儞僌(敀)
420042,2048,[堖憰] 傆傫傢傝僙儈儘儞僌(峠)
420043,2048,[堖憰] 傆傫傢傝僙儈儘儞僌(敄巼)
420044,2048,[堖憰] 悈暫偺敀偄嬢
420046,4096,[堖憰] 儘僀儎儖儅儞僩
420047,4096,[堖憰] 柤梍偁傞婻巑偺儅儞僩
420048,4096,[堖憰] 儂儚僀僩僐儘僱
420050,4096,[堖憰] 偍偩傫偛僂僃乕僽
420051,4096,[堖憰] 墛棆杺彈偺庱忺傝
420052,4096,[堖憰] 僠儏儞僀乕偺楈
420053,4096,[堖憰] 偐偘偁偔傑
420054,4096,[堖憰] 僗儌乕僉乕儅僼儔乕
420056,4096,[堖憰] 僔儏儈僢僣偺僿儖儉(壓抜)
420057,4096,[堖憰] 傾乕僋價僔儑僢僾億僯乕(愒)
420058,4096,[堖憰] 傾乕僋價僔儑僢僾億僯乕(墿)
420059,4096,[堖憰] 傾乕僋價僔儑僢僾億僯乕(惵)
420060,4096,[堖憰] 傾乕僋價僔儑僢僾億僯乕(椢)
420062,4096,[堖憰] 傾乕僋價僔儑僢僾億僯乕(巼)
420063,4096,[堖憰] 擔傛偗庤偸偖偄
420067,4096,[堖憰] 傄傚傫傄傚傫僣僀儞偍偝偘
420069,4096,[堖憰] 儘乕僪僆僽儘僀儎儖僘
420070,4096,[堖憰] 埫崟偺僼乕僪(壓抜)
420071,4096,[堖憰] 僼僃僓乕僗僩儔
420072,4096,[堖憰] 備傞曇傒儘乕僣僀儞(敀)
420075,4096,[堖憰] 晜梀偡傞僕僆僀傾
420077,4096,[堖憰] 擫偺懌愓
420078,4096,[堖憰] 僐僂儌儕
420079,4096,[堖憰] 僀儞僫乕僇儔乕儘儞僌
420081,4096,[堖憰] 偔傢偊偨僯儞僕儞
420082,4096,[堖憰] 僂僅乕儘僢僋儘乕儖
420083,4096,[堖憰] 戝偒偄儕儃儞儅僼儔乕(敀)
420084,4096,[堖憰] 僺乕僠儅乕儊僀僪僂傿僢僌
420085,4096,[堖憰] 偔傞傝傫傁僿傾(僽儘儞僪)
420086,4096,[堖憰] 儘儞僌僂僃乕僽(敄拑)
420088,4096,[堖憰] 垽偺揤巊
420091,4096,[堖憰] 僔儖僉乕儘儞僌(僽儘儞僪)
420092,4096,[堖憰] 僔儖僉乕儘儞僌(僔儖僶乕)
420094,4096,[堖憰] 傾僀儞僿儕儎儖偺奜搮
420103,4096,[堖憰] 僠儍乕儉僆僽儈僗僥傿僢僋僼儘乕僘儞
420104,4096,[堖憰] 廋梾儚僀儖僪儘儞僌
420107,4096,[堖憰] 僩僁僀儞僋儖僣僀儞
420108,4096,[堖憰] 儃儞儃儞僔儑僐儔
420109,4096,[堖憰] 僠儍乕儉僆僽僼儗僀儉僴乕僩
420111,4096,[堖憰] 儘僢僉儞僔儑乕僩
420113,4096,[堖憰] 僂僅乕儘僢僋儘乕儖(崟)
420114,4096,[堖憰] 僂僅乕儘僢僋儘乕儖(椢)
420115,4096,[堖憰] 僂僅乕儘僢僋儘乕儖(峠)
420116,4096,[堖憰] 僂僅乕儘僢僋儘乕儖(嶗)
420117,4096,[堖憰] 僂僅乕儘僢僋儘乕儖(巼)
420118,4096,[堖憰] 僂僅乕儘僢僋儘乕儖(愒)
420119,4096,[堖憰] 僂僅乕儘僢僋儘乕儖(敀)
420120,4096,[堖憰] 僂僅乕儘僢僋儘乕儖(墿)
420121,4096,[堖憰] 廋梾儚僀儖僪儘儞僌(崟)
420122,4096,[堖憰] 廋梾儚僀儖僪儘儞僌(椢)
420123,4096,[堖憰] 廋梾儚僀儖僪儘儞僌(峠)
420124,4096,[堖憰] 廋梾儚僀儖僪儘儞僌(嶗)
420125,4096,[堖憰] 廋梾儚僀儖僪儘儞僌(巼)
420126,4096,[堖憰] 廋梾儚僀儖僪儘儞僌(愒)
420127,4096,[堖憰] 廋梾儚僀儖僪儘儞僌(敀)
420128,4096,[堖憰] 廋梾儚僀儖僪儘儞僌(墿)
420132,4096,[堖憰] 僠儍乕儉僆僽僌儗僀僩僱僀僠儍
420133,4096,[堖憰] 柌尒傞錕錘儘儞僌
420140,4096,[堖憰] 傾儖僼傽儘儞僌億僯乕
420150,4096,[堖憰] 僩僁僀儞僋儖僋乕儖僣僀儞
420156,4096,[堖憰] 惎孄壴偺備傞曇傒
420159,4096,[堖憰] 僀僄僗僞僨僀丒儚儞僗丒儌傾
420161,4096,[堖憰] 惎嬻儘儞僌僂僃乕僽
420162,4096,[堖憰] 惎嬻儕儃儞偺僣僀儞僥乕儖
420165,8192,[堖憰] 僥儞僩
420168,4096,[堖憰] 媿儅僗僋
420169,4096,[堖憰] 帣棆栫偺僉僙儖
420170,4096,[堖憰] 僔儖僉乕儘儞僌(崟)
420171,4096,[堖憰] 灆偺僗僇乕僼
420172,4096,[堖憰] 嶰偮曇傒儕儞僌
420177,4096,[堖憰] 償傽儖僉儕乕僿傾
420181,4096,[堖憰] 僄僀僗僔儏僺儞僱
420190,4096,[堖憰] 戝幹娵偺儅僗僋
420191,4096,[堖憰] 愥僂僒僊僂傿僢僌
420192,4096,[堖憰] 夰偄偰偔傞敀屜
420196,4096,[堖憰] 僼儖乕僣僗僥傿僢僋
420197,4096,[堖憰] 僩僁僀儞僋儖僂僃乕僽
420205,4096,[堖憰] 儊儌儕傾儖僋儘乕僗
420206,4096,[堖憰] 僒儅儞僶僀傾(壓抜)
420207,4096,[堖憰] 僄僞乕僫儖儘乕僘
420211,4096,[堖憰] 柌尒傞愒梤
420212,4096,[堖憰] 僈乕僨傿傾儞僋儘乕僗
420218,4096,[堖憰] 儚儞僟儔乕僇乕儖(敀)
420221,4096,[堖憰] 僗僉傾僣乕僒僀僪傾僢僾
420222,4096,[堖憰] 僐儞僙僋儗僀僩丒僼傿僨僗丒僆乕儕乕僆儔
420224,4096,[堖憰] 僆乕僔儍儞僇儔乕儘儞僌
420230,8192,[堖憰] 僐儞僙僋儗僀僩丒僼傿僨僗丒僆乕儕乕僆儔(尐偵偐偗傞暔)
420232,4096,[堖憰] 僠乕僘僗僥傿僢僋
420233,4096,[堖憰] 僩儖償僃乕儖僒僀僪僥乕儖
420234,8192,[堖憰] 嵳傝壆戜
420237,4096,[堖憰] 偁偭偨偐屨擫儅僼儔乕
420240,4096,[堖憰] 峧庤偺擡弍彂
420241,4096,[堖憰] 庤焮埞僿傾
420242,2048,[堖憰] 扞堷偔夃
420244,4096,[堖憰] 栆屨偺旐傝暔
420254,4096,[堖憰] 杺朄巊偄偺傂偘
420255,4096,[堖憰] 僊儘僠儞僋儘僗儘乕億僯乕
420263,4096,[堖憰] 傂偭偐偒擫(壓抜)
420264,4096,[堖憰] 敀擫僗僩儗乕僩儘儞僌
420271,4096,[堖憰] 僐僘儈僢僋僐僱僋僔儑儞
420272,8192,[堖憰] 婾恄偺僀價儖傾僀(尐偵偐偗傞暔)
420273,4096,[堖憰] 儘乕僘僂僃乕僽(僽儘儞僪)
420274,4096,[堖憰] 儘乕僘僂僃乕僽(僽儘儞僪僺儞僋)
420275,4096,[堖憰] 儘乕僘僂僃乕僽(僔儖僶乕)
420276,4096,[堖憰] 儘乕僘僂僃乕僽(僔儖僶乕僽儖乕)
420277,4096,[堖憰] 僊儘僠儞僋儘僗僔儑乕僩(惵椢)
420278,4096,[堖憰] 僊儘僠儞僋儘僗僔儑乕僩(墿)
420279,4096,[堖憰] 僊儘僠儞僋儘僗僔儑乕僩(嶗)
420280,4096,[堖憰] 僊儘僠儞僋儘僗僔儑乕僩(悈怓)
420281,4096,[堖憰] 僊儘僠儞僋儘僗僔儑乕僩(敄巼)
420282,4096,[堖憰] 僊儘僠儞僋儘僗僔儑乕僩(幗崟)
420283,4096,[堖憰] 僊儘僠儞僋儘僗僔儑乕僩(敀)
420284,4096,[堖憰] 僊儘僠儞僋儘僗僔儑乕僩(峠)
420285,4096,[堖憰] 儊僇僯僢僋奜僴僱儃僽(惵椢)
420286,4096,[堖憰] 儊僇僯僢僋奜僴僱儃僽(墿)
420287,4096,[堖憰] 儊僇僯僢僋奜僴僱儃僽(嶗)
420288,4096,[堖憰] 儊僇僯僢僋奜僴僱儃僽(悈怓)
420289,4096,[堖憰] 儊僇僯僢僋奜僴僱儃僽(敄巼)
420290,4096,[堖憰] 儊僇僯僢僋奜僴僱儃僽(幗崟)
420291,4096,[堖憰] 儊僇僯僢僋奜僴僱儃僽(敀)
420292,4096,[堖憰] 儊僇僯僢僋奜僴僱儃僽(峠)
420293,4096,[堖憰] 儗儞僕儍乕僴乕僼傾僢僾(惵椢)
420294,4096,[堖憰] 儗儞僕儍乕僴乕僼傾僢僾(墿)
420295,4096,[堖憰] 儗儞僕儍乕僴乕僼傾僢僾(嶗)
420296,4096,[堖憰] 儗儞僕儍乕僴乕僼傾僢僾(悈怓)
420297,4096,[堖憰] 儗儞僕儍乕僴乕僼傾僢僾(敄巼)
420298,4096,[堖憰] 儗儞僕儍乕僴乕僼傾僢僾(幗崟)
420299,4096,[堖憰] 儗儞僕儍乕僴乕僼傾僢僾(敀)
420300,4096,[堖憰] 儗儞僕儍乕僴乕僼傾僢僾(峠)
420303,4096,[堖憰] 僇僆僗僄儊儔儖僪
420306,8192,[堖憰] 偙偨偮
420307,4096,[堖憰] 墹彈儊傾儘乕儖僿傾
420317,4096,[堖憰] 儂儚僀僩儔價僢僩僿傾
420319,4096,[堖憰] 僇乕僪儃乕僪儃僢僋僗(壓抜)
420320,4096,[堖憰] 僠儍乕儉僆僽儔僼僂傿儞僪
420321,4096,[堖憰] 僱僆儞僴乕僼儘儞僌
420325,4096,[堖憰] 傕偭偪傝儘乕僣僀儞
420333,4096,[堖憰] 儔儞僪僌儕僗僿傾
420335,4096,[堖憰] 僈乕僨傿傾儞僆僽傾價僗(壓抜)
420336,4096,[堖憰] 僋僀乕儞僆僽僇儔儈僥傿
420339,4096,[堖憰] 僂僀儞僫乕
420340,8192,[堖憰] 僉僢僠儞僇乕
420341,4096,[堖憰] 僔僯儑儞儖乕僾
420344,4096,[堖憰] 僽僢僋僆僽僜乕僒儕乕
420345,4096,[堖憰] 儕儃儞曇傒崬傒僿傾
420347,4096,[堖憰] 幗崟偺錕錘
436006,6144,[堖憰] 儖僈儞曄憰摴嬶
436007,6144,[堖憰] 傾乕僂傿儞杊姦朮
436010,1024,[堖憰] 僗僷僀僟儕儞
440001,7168,[堖憰] 償儞僟乕僇儞儅乕
440004,1024,[堖憰] 僋儘乕僘僿儖儊僢僩
440008,1024,[堖憰] Master
440012,7168,[堖憰] Dr. 僄僢僌儅儞儅僗僋
480052,8192,[堖憰] 榓憰儕儃儞
480055,8192,[堖憰] 塇偽偨偔鄷揤巊偺梼
480056,8192,[堖憰] 塇偽偨偔懧揤巊偺梼
480058,8192,[堖憰] 塇偽偨偔庡揤巊偺梼
480069,8192,[堖憰] 塇偽偨偔戝揤巊偺梼
480089,8192,[堖憰] 塰岝偺屼婙(惵)
480092,8192,[堖憰] 晉崑偺婸偒
480093,8192,[堖憰] 墹鈹
480095,8192,[堖憰] 戝偒側敀僂僒僊
480096,8192,[堖憰] 偼偍傝僐乕僩
480097,8192,[堖憰] 僗僲乕僷僂僟乕
480107,8192,[堖憰] 塰岝偲攋柵偺憃寱
480108,8192,[堖憰] 億儕儞僶僗働僢僩
480110,8192,[堖憰] 朻尟僯儍偺儕儏僢僋
480111,8192,[堖憰] 壴偺塇
480117,8192,[堖憰] 僼僃儞偺僄儗僉僊僞乕
480118,8192,[堖憰] 僨僸儑儞偺戝搧
480119,8192,[堖憰] 僯僽儖僿僀儉偺尞
480121,8192,[堖憰] 崉桬柍憃偺恄梎
480122,8192,[堖憰] 僒儞僶僇乕僯僶儖
480123,8192,[堖憰] 僯乕僘僿僢僌偺塡
480126,8192,[堖憰] 戝偒側僒儊
480127,8192,[堖憰] 傂偭偐偗敒傢傜朮巕
480129,8192,[堖憰] 僩儕僾儖傾僀僗僋儕乕儉
480130,8192,[堖憰] 價乕儖僒乕僶乕
480131,8192,[堖憰] 塓姫偔墛
480137,8192,[堖憰] 僼傿乕儕儖儕儏僢僋
480152,8192,[堖憰] 僗僾乕儞僼僅乕僋僙僢僩
480158,8192,[堖憰] 儖僫僥傿僢僋儕儏僢僋
480167,8192,[堖憰] 僴乕僩僗僥傿僢僋僠儑僐
480168,8192,[堖憰] 儊儘僨傿乕僂僀儞僌
480169,8192,[堖憰] 僨傿傾儃儕僢僋儘僢僋僊僞乕
480176,8192,[堖憰] 惵錕錘偺掚墍
480177,8192,[堖憰] 僋儔僢僠僽乕働
480181,8192,[堖憰] 僺僞儎儕儏僢僋
480187,8192,[堖憰] 僂僃僨傿儞僌儕儃儞
480189,8192,[堖憰] 償傽儖僉儕乕僇乕僗僽儔僀僩
480198,8192,[堖憰] 婸偔寧宩庽偺梼
480199,8192,[堖憰] 傾僗僞儘僩偺梼
480200,2048,[堖憰] 抭揤巊偺塇帹
480201,8192,[堖憰] 抭揤巊偺梼
480202,8192,[堖憰] 僼僃傾儕乕僂傿儞僌(擑)
480203,8192,[堖憰] 惵偺杺朄恮
480204,8192,[堖憰] 嵁暽偺儕儃儞
480205,8192,[堖憰] 傾僗僩儔偺壛岇
480207,8192,[堖憰] 椃恖偺枩擻姄
480221,8192,[堖憰] 嬨旜屜偺怟旜
480222,8192,[堖憰] 榓嶱
480223,8192,[堖憰] 儉儔僯儍僒
480235,8192,[堖憰] 僨傿傾儃儕僢僋僼儗儞僪
480236,8192,[堖憰] 價僢僌儅僕僢僋僽僢僋
480243,8192,[堖憰] 僔僫儌儞偺儕儏僢僋
480244,8192,[堖憰] 墹姤傪偮偗偨僔僫儌儞偺儕儏僢僋
480246,8192,[堖憰] 償傽儖僉儕乕偺憚
480247,8192,[堖憰] 戝偒側僄儞僕僃儕儞僌
480252,8192,[堖憰] 儈僗僥儕乕僂傿儞僌
480271,8192,[堖憰] 僄儞僕僃儕僢僋儘儞僌(僽儘儞僪)
480272,8192,[堖憰] 僄儞僕僃儕僢僋儘儞僌(儘僀儎儖僽儘儞僪)
480273,8192,[堖憰] 僄儞僕僃儕僢僋儘儞僌(僔儖僶乕)
480274,8192,[堖憰] 僄儞僕僃儕僢僋儘儞僌(儘僀儎儖僔儖僶乕)
480279,8192,[堖憰] 億儕儞偺拲幩婍
480280,8192,[堖憰] 偱偭偐儈儖僉乕儕儃儅儞僩
480282,8192,[堖憰] 屆戙棿偺杺憚
480287,8192,[堖憰] 僗僉傾偺偸偄偖傞傒
480288,8192,[堖憰] 僟乕僋儘乕僪偺儅儞僩
480289,8192,[堖憰] 寧栭壴偺忇
480290,8192,[堖憰] 儘乕僪僆僽僨僗偺弬
480295,8192,[堖憰] 嶗偺巬
480296,8192,[堖憰] 嶗悂愥
480297,8192,[堖憰] 儘僢僾僀儎乕働乕僾
480305,8192,[堖憰] 嫵峜偺偸偄偖傞傒
480310,8192,[堖憰] 戝偒側儅僢僪僶僯乕
480311,8192,[堖憰] 岾偣偺尞
480315,8192,[堖憰] 儈儖僉傿
480316,8192,[堖憰] 儔僽儕儏僗
480318,8192,[堖憰] 僨傿償傽僀儞僼傿乕僯僋僗
480320,8192,[堖憰] 傾僋傾偺僸儗忺傝
480321,8192,[堖憰] 僒乕僼儃乕僪
480330,8192,[堖憰] 僸乕儘乕儅儞僩
480335,8192,[堖憰] 億儕儞僒乕僼儃乕僪
480336,8192,[堖憰] 怷偺壞媥傒
480337,8192,[堖憰] 儔僀僼儖
480344,8192,[堖憰] 敿棿墹彈偺恘姍
480360,8192,[堖憰] 戝庤棤寱
480361,8192,[堖憰] 幾嵃偺憃恘
480362,8192,[堖憰] 敀嬨旜屜偺怟旜
480368,8192,[堖憰] 戝偒側儘儕億僢僾
480376,8192,[堖憰] 儔僞僩僗僋偺怟旜
480377,8192,[堖憰] 怢傃偨敀擫
480407,8192,[堖憰] 儗僥傿僔傾偺梼
480408,8192,[堖憰] 棾偺梼
480411,8192,[堖憰] 敀僂僒僊偺怟旜
480419,8192,[堖憰] 僒僀僶乕僜乕僪
480420,8192,[堖憰] 僒僀僶乕儔僀僼儖
480421,8192,[堖憰] 僨傿僼僃儞僗僼傿乕儖僪
480422,8192,[堖憰] 揹尮働乕僽儖
480429,8192,[堖憰] 擫僪乕僫僣
480430,8192,[堖憰] 僽儖乕儈儞僌僗僞僢僼
480431,8192,[堖憰] 娒傗偐側壴掚
480432,8192,[堖憰] 僌儔僗儘乕僘僈乕僨儞
480433,8192,[堖憰] 僣僀儞僄僢僕
480436,8192,[堖憰] 僶僼僅儊僢僩偺戝姍
480437,8192,[堖憰] 僸儊儖儊僘偺寱
480438,8192,[堖憰] 戝偒側曮敔
480443,8192,[堖憰] 僈乕僨傿傾儞僆僽傾價僗
480444,8192,[堖憰] 僀儞僞乕僨傿儊儞僔儑僫儖儕僼僩(尐偵偐偗傞暔)
480450,8192,[堖憰] 僴僯乕僨傿僢僷乕
480459,8192,[堖憰] 傾乕僋儊僀僕儚儞僪
480460,8192,[堖憰] 錕錘偺僑僔僢僋儕儃儞
480461,8192,[堖憰] 儔僌僪乕儖僼僃僀僗儕儏僢僋
480237,8192,[堖憰] 揤嬬偺搧
480473,8192,[堖憰] 懧偪偨戝恄姱僸僶儉偺埆楈
400683,1024,[堖憰] 儀儖僼儔儚乕
420346,4096,[堖憰] 揤巊偺儔僘儀儕乕僂傿僢僌
480456,8192,[堖憰] 娤梩怉暔偍弌偐偗僙僢僩
480457,8192,[堖憰] 僈儔僷僑傾僋傾儕僂儉
480458,8192,[堖憰] 僼僅乕儕儞僿償儞儘僗僩僂傿儞僌
400491,2048,[堖憰] 僔僩儔僗僶儞僟僫
400703,1024,[堖憰] 傾儖僞僀儖僴僢僩
400704,1024,[堖憰] 偪傖傉偪傖傉僯儍儞僾乕僴僢僩
410290,4096,[堖憰] 僕僃儕乕僼傿僢僔儏
410353,2048,[堖憰] 僼僃儞偺栚
420352,8192,[堖憰] 僾乕儖
420353,4096,[堖憰] 僇儕僗儅僄僋僗僥僣僀儞
430005,1024,[堖憰] 敀屨偲僒儞僌儔僗
480476,8192,[堖憰] 億儕儞偺僋儕乕儉僜乕僟
480477,8192,[堖憰] 億儕儞偺晜偒椫
400708,1024,[堖憰] 僂儖僼僆僼傿僒乕僴僢僩
400709,1024,[堖憰] 偍嵗傝僀僰(敀)
400712,1024,[堖憰] 僞僀僈乕儅僗僋(忋抜)
410357,2048,[堖憰] 儔僀僩僯儞僌僒儀乕僕
410358,2048,[堖憰] 僕儍僈乕僼僃僀僗(拞抜)
410359,2048,[堖憰] 僌儗乕僩僺儗僯乕僘
420359,4096,[堖憰] 傝傫傝傫僯儍儞僇乕儀儖
420360,4096,[堖憰] 儀儖僉儍僢僩僿傾
480486,8192,[堖憰] 幠將偺怟旜
480487,8192,[堖憰] 擏媴儕儏僢僋
400414,1024,[堖憰] 棅傟傞僐億
400415,1024,[堖憰] 僆僔儍儗僐億
410229,2048,[堖憰] 幹恄偺悈徎
420201,4096,[堖憰] 敀幹梔偺僂傿僢僌
480286,8192,[堖憰] 幹恄偺尪塭
400716,1024,[堖憰] 烌偺擫帹杺彈朮巕
410011,2048,[堖憰] 埮偺栚塀偟
410360,2048,[堖憰] 僑乕儖僥儞僟乕儅僗僋(拞抜)
420365,4096,[堖憰] 旈枾寢幮偺摢嬓(壓抜)
420366,4096,[堖憰] 揤巊偺儔僘儀儕乕僂傿僢僌(憰忺柍偟)
420367,4096,[堖憰] 擫帹僂傿僗僷乕偺晍
480492,8192,[堖憰] 傾儕僗偺儂僂僉
480493,8192,[堖憰] 僽儔僢僨傿儅乕僟乕偺曪挌
480494,8192,[堖憰] 僴儘僂傿儞僉儍儞僨傿億乕僠
410206,2048,[堖憰] 儗僴乕儖丒儈僯儈乕
410192,2048,[堖憰] 僀乕僽儖丒儈僯儈乕
410205,2048,[堖憰] 儅儖僽儘儞丒儈僯儈乕
410240,2048,[堖憰] 敀揺恄
480488,8192,[堖憰] 儐儞働傾偺梼
420380,4096,[堖憰] 僯僽儖儗僆儞儅僗僋
400728,1024,[堖憰] 挷嵏抍偺朮巕
400729,1024,[堖憰] 僪儘僢僾僗偺旐傝暔
400730,1024,[堖憰] 僄儞僕僃儕儞僌僿傾僶儞僪
410316,2048,[堖憰] 儀傾僪乕儖偺柸埞壆偝傫
410370,2048,[堖憰] 僴僢僺乕僺僄儘壖柺(拞抜)
410371,2048,[堖憰] 暵偠偨栚
420383,4096,[堖憰] 僉儔僉儔儗僀儞儃乕僿傾
420384,8192,[堖憰] 幚嫷惾
420385,4096,[堖憰] 朻尟幰偺抧恾
410367,2048,[堖憰] 傾僩僋僂僃丒億僄僯僥儞僥傿傾(拞抜)
410368,2048,[堖憰] 僷乕儅僼儘僗僩僆僽儕價僆儞
410369,8192,[堖憰] 僷乕儅僼儘僗僩僆僽儕價僆儞(尐偵偐偗傞暔)
420382,4096,[堖憰] 傾僩僋僂僃丒億僄僯僥儞僥傿傾
480503,8192,[堖憰] 僗僥儔丒僌儔乕僥傿傾
480501,8192,[堖憰] 傾僯僶乕僒儕乕億僢僾僐乕儞僶働僢僩
400727,1024,[堖憰] 僪儔儉僇僠儏乕僔儍
31518,1024,[堖憰] 偼偠偗傞億僢僾僐乕儞
31736,1024,[堖憰] 億僢僾僐乕儞偐偮傜
400466,1024,[堖憰] 擑怓億僢僾僐乕儞偐偮傜
410069,2048,[堖憰] 億僢僾僐乕儞孨
420393,4096,[堖憰] 僗僩儗乕僩僣乕僒僀僪傾僢僾(僽儘儞僪)
420394,4096,[堖憰] 僗僩儗乕僩僣乕僒僀僪傾僢僾(僽儘儞僪僺儞僋)
420395,4096,[堖憰] 僗僩儗乕僩僣乕僒僀僪傾僢僾(僔儖僶乕)
420396,4096,[堖憰] 僗僩儗乕僩僣乕僒僀僪傾僢僾(僽儔僢僋僺儞僋)
420397,4096,[堖憰] 僴僀僷乕僲乕價僗億僯乕(惵椢)
420398,4096,[堖憰] 僴僀僷乕僲乕價僗億僯乕(墿)
420399,4096,[堖憰] 僴僀僷乕僲乕價僗億僯乕(嶗)
420400,4096,[堖憰] 僴僀僷乕僲乕價僗億僯乕(悈怓)
420401,4096,[堖憰] 僴僀僷乕僲乕價僗億僯乕(敄巼)
420402,4096,[堖憰] 僴僀僷乕僲乕價僗億僯乕(幗崟)
420403,4096,[堖憰] 僴僀僷乕僲乕價僗億僯乕(敀)
420404,4096,[堖憰] 僴僀僷乕僲乕價僗億僯乕(峠)
420405,4096,[堖憰] 儗儞僕儍乕僂儖僼僔儑乕僩(惵椢)
420406,4096,[堖憰] 儗儞僕儍乕僂儖僼僔儑乕僩(墿)
420407,4096,[堖憰] 儗儞僕儍乕僂儖僼僔儑乕僩(嶗)
420408,4096,[堖憰] 儗儞僕儍乕僂儖僼僔儑乕僩(悈怓)
420409,4096,[堖憰] 儗儞僕儍乕僂儖僼僔儑乕僩(敄巼)
420410,4096,[堖憰] 儗儞僕儍乕僂儖僼僔儑乕僩(幗崟)
420411,4096,[堖憰] 儗儞僕儍乕僂儖僼僔儑乕僩(敀)
420412,4096,[堖憰] 儗儞僕儍乕僂儖僼僔儑乕僩(峠)
420413,4096,[堖憰] 儚儞僟儔乕僇乕儖(惵椢)
420414,4096,[堖憰] 儚儞僟儔乕僇乕儖(墿)
420415,4096,[堖憰] 儚儞僟儔乕僇乕儖(嶗)
420416,4096,[堖憰] 儚儞僟儔乕僇乕儖(悈怓)
420417,4096,[堖憰] 儚儞僟儔乕僇乕儖(敄巼)
420418,4096,[堖憰] 儚儞僟儔乕僇乕儖(幗崟)
420419,4096,[堖憰] 儚儞僟儔乕僇乕儖(僗僲乕儂儚僀僩)
420420,4096,[堖憰] 儚儞僟儔乕僇乕儖(峠)
20111,1024,[堖憰] 偲偖傠傪姫偄偨敀幹朮
31803,4096,[堖憰] 儗僀僕儞僌僥儞儁僗僩
400585,1024,[堖憰] 彫偝側僗僲乕儅儞
400754,1024,[堖憰] 儕僗帹僼乕僪朮(傾儖價僲)
400755,1024,[堖憰] 僂儖僉儍僢僾
400756,2048,[堖憰] 杺朄愇偺壎宐(拞抜)
400757,4096,[堖憰] 敀屜僼乕僪僣僀儞
410384,2048,[堖憰] 弖偔敀幹梔偺摰
420426,4096,[堖憰] 敀屜僼乕僪僣僀儞(憰忺柍偟)
420427,8192,[堖憰] 儖僫僥傿僢僋偺偐傑偔傜
480521,8192,[堖憰] 敀屜偺怟旜
420432,2048,[堖憰] 儀價乕傾僓儔僔
20628,8192,[堖憰] 僽儖乕僺僞儎儕儏僢僋
480472,8192,[堖憰] 戝偒側儕儃儞僂僒僊
400763,1024,[堖憰] 儘乕僘僶儖乕儞
400761,1024,[堖憰] 儚乕僋僉儍僢僾
400762,1024,[堖憰] 儗僢僪僿僢僪僪儗僗
410387,2048,[堖憰] 儊僀僪僼儕儖
410388,2048,[堖憰] 愴壋彈偺塇帹
420061,4096,[堖憰] 傾乕僋價僔儑僢僾億僯乕(嶗)
420433,4096,[堖憰] 偁傒偁傒儕儃儞儘乕僣僀儞
420434,4096,[堖憰] 偁傒偁傒儕儃儞儘乕僣僀儞(憰忺柍偟)
420435,4096,[堖憰] 僗僩儘儀儕乕僪乕僫僣
480524,8192,[堖憰] 戝偒側僥僨傿儀傾
480525,8192,[堖憰] 僺僞儎僈乕僨儞僌儔僗僷僼僃
400147,1024,[堖憰] 偨傟儀僥儖僊僂僗
400148,4096,[堖憰] 儀僥儖僊僂僗僿傾
400788,1024,[堖憰] 彈墹僗僇儔僶偺姇(忋抜)
400789,1024,[堖憰] 僨傿僙僋儗僀僩丒僼傿僨僗丒僆乕儕乕僆儔
410392,2048,[堖憰] 僞僫僩僗偺嬯擸壖柺
410393,2048,[堖憰] 弖偔淎柦棿偺摰
420440,4096,[堖憰] 儕僎儖僿傾
480541,8192,[堖憰] 僨儈僼儗僀儎僂傿儞僌
400739,1024,[堖憰] 儅乕儕儞暱偺娵朮巕
400792,1024,[堖憰] 僈乕僨儞僆僽僿償儞
400793,1024,[堖憰] 僒僞僯僢僋僋儔僂儞
400794,1024,[堖憰] 昐壴偺垽
400795,1024,[堖憰] 堬偺僿傾僶儞僪(惵)
410396,2048,[堖憰] 埫栭偺償僃乕儖(拞抜)
420447,4096,[堖憰] 悏椢偺錕錘
420448,4096,[堖憰] 怺暎側傞孨(憰忺柍偟)
420449,4096,[堖憰] 怺暎側傞孨
480555,8192,[堖憰] 儔僼傿僱懓偺塇
480556,8192,[堖憰] 惵錕錘偺擔嶱
19472,1024,[堖憰] 晻報偝傟偨帪娫偺僒乕僋儗僢僩
400800,1024,[堖憰] 帪娫偺僒乕僋儗僢僩
400786,1024,[堖憰] 朶怘偺僋儔僂儞
400599,1024,[堖憰] 庣岇儔僀僆儞
400802,1024,[堖憰] 曄怓偟偨棿偺奫崪
410398,2048,[堖憰] 傾僀儅僗僋(懢旣)
20627,8192,[堖憰] 儗僢僪僺僞儎儕儏僢僋
480560,8192,[堖憰] 儕僓儗僋僔儑儞儃僂
400799,1024,[堖憰] 偔傑儌儞側傝偒傝僉儍僢僾
480559,8192,[堖憰] 偔傑儌儞偺偸偄偖傞傒
400898,1024,[堖憰] 嶗偺敀杺彈朮巕
400899,1024,[堖憰] 揤壓柍揋偺栦朮巕
400900,1024,[堖憰] 埿晽檢慠偺姇(崟)
400901,1024,[堖憰] 傂偒偑偊傞偺朮巕(拑)
410429,2048,[堖憰] 婼恄偺壖柺(拞抜)
410430,2048,[堖憰] 弖偔僼僅儗僗僩傾僀
420499,4096,[堖憰] 嶗壴啵枱僣僀儞僥乕儖
420500,4096,[堖憰] 嶗壴啵枱僣乕僒僀僪傾僢僾
420501,8192,[堖憰] 壏愹
480581,8192,[堖憰] 墔楈晲巑偺憃搧
480582,8192,[堖憰] 億儕儞偺嶰怓抍巕
400918,1024,[堖憰] 敀擫偺杺彈朮巕
400919,1024,[堖憰] 儁僞儖僼乕僪
400920,1024,[堖憰] 惵偄傂傛偙偪傖傫
400921,1024,[堖憰] 巕將偺僿傾僶儞僪(拑)
410441,2048,[堖憰] 尪廱偺帹
410442,2048,[堖憰] 僲儖僂僃乕僕儍儞僼僅儗僗僩僉儍僢僩
420421,4096,[堖憰] 僱僐儈儈働乕僾(惵)
420514,4096,[堖憰] 儚儞僟僼儖儘儞僌(憰忺側偟)
420515,4096,[堖憰] 儚儞僟僼儖儘儞僌
420516,8192,[堖憰] 僼僅儗僗僩僼儗儞僘
480484,8192,[堖憰] 儎儅儉僗儊偺梼
400909,1024,[堖憰] 僶儕傾儞僩僨價儖僘儂乕儞(忋抜)
410439,2048,[堖憰] 僶儕傾儞僩僨價儖僘儂乕儞
420508,4096,[堖憰] 僙儗僗僥傿傾儖償傽乕僠儍乕
420509,8192,[堖憰] 僙儗僗僥傿傾儖償傽乕僠儍乕(尐偵偐偗傞暔)
480591,8192,[堖憰] 僌儔僢僩儞僒乕儀儔僗
400931,1024,[堖憰] 嬧偺榝惎
400932,1024,[堖憰] 僗僞乕僟僗僩僿傾僶儞僪(惵)
410133,2048,[堖憰] 僗儁乕僗僪僢僌
410447,2048,[堖憰] 朷墦嬀(惵)
410448,2048,[堖憰] 弖偔僐僘儈僢僋傾僀
420524,4096,[堖憰] 僣僀儞儈儖僉乕僂僃僀(憰忺柍偟)
420525,4096,[堖憰] 僣僀儞儈儖僉乕僂僃僀
480393,8192,[堖憰] 僽儖乕儉乕儞儘儕儖儕偺嶰擔寧
480603,8192,[堖憰] 惎嬻偺枩擭昅
480609,8192,[堖憰] 杺寱僞儖僞僲僗
480610,8192,[堖憰] 僷乕僾儖僺僞儎儕儏僢僋
400692,1024,[堖憰] 僆乕僔儍儞儕僝乕僩僴僢僩
400952,1024,[堖憰] 幘晽偺敮忺傝
400953,1024,[堖憰] 僒儅乕僒儞僌儔僗
410351,2048,[堖憰] 僽儖乕僷儔僜儖
420349,8192,[堖憰] 僽儖乕價乕僠僠僃傾
420545,4096,[堖憰] 嫵峜偺壞媥傒僿傾
420546,4096,[堖憰] 儈儕傾儉僿傾
420547,4096,[堖憰] 僜乕僟傾僀僗
480462,8192,[堖憰] 億儕儞偲僈儔僷僑偺晜偒椫
480470,8192,[堖憰] 恀壞偺價乕僠
480619,8192,[堖憰] 儊儘儞僋儕乕儉僜乕僟
20620,8192,[堖憰] 僟僽儖悈揝朇
400160,1024,[堖憰] 攇偆偮慺査
20233,1024,[堖憰] 尒廗偄揤巊偺廽暉(嬥)
400930,1024,[堖憰] 僗僠乕儉儘乕儔乕
400993,1024,[堖憰] 敀偄婡夿怉暔朮
400994,1024,[堖憰] 婡夿塇崻偺僽儖乕僿傾僶儞僪
410470,2048,[堖憰] 傾儔乕儉偺壖柺(拞抜)
410471,2048,[堖憰] 帟幵儌僲僋儖
420570,4096,[堖憰] 塇崻偮偒僣乕僩儞僿傾
420571,4096,[堖憰] 塇崻偮偒僽儘儞僪僿傾
480629,8192,[堖憰] 僋儘僢僋儘僢僪
480630,8192,[堖憰] 婡夿梔惛偺塇崻
480631,8192,[堖憰] 柤扵掋偺儖乕儁
410308,2048,[堖憰] 僀儖僕僃偺僞僽儗僢僩
410309,2048,[堖憰] 僀儖僕僃偺僞僽儗僢僩(儘乕僘)
410310,2048,[堖憰] 僀儖僕僃偺僞僽儗僢僩(僔儖僶乕)
20503,8192,[堖憰] 偍壻巕偺戃
400760,1024,[堖憰] 儂儖僗偺栚
401015,1024,[堖憰] 堎抂怰栤姱偺償僃乕儖
401016,1024,[堖憰] 偲傫偑傝朮巕(拑)
410489,2048,[堖憰] 僆儁儔壖柺(拞抜)
420593,1024,[堖憰] 僴儘僂傿儞僉儍儞僨傿僿傾
420594,4096,[堖憰] 僴儘僂傿儞僉儍儞僨傿僿傾(憰忺柍偟)
420595,4096,[堖憰] 儊僕僃僪偺晍
420596,2048,[堖憰] 弖偔僴儘僂傿儞傾僀
420597,8192,[堖憰] 僴儘僂傿儞僷儞僾僉儞
480648,8192,[堖憰] 恀峠偺僯僽儖僽儖乕儉
401013,1024,[堖憰] 僙儗僗僥傿傾儖僟僀傾僨儉
420602,4096,[堖憰] 僌儔僗僩僿僀儉偺愒偒朤娤幰
20629,8192,[堖憰] 僀僄儘乕僺僞儎儕儏僢僋
480608,8192,[堖憰] 朶怘偺杺墹償僃儖僛僽僽偺塇
400725,1024,[堖憰] 娡挿偺僉儍僾僥儞僴僢僩
400963,1024,[堖憰] 僯儍儖偺帹
410456,2048,[堖憰] 弖偔僯儍儖偺摰
420376,4096,[堖憰] 儔僀儞僴儖僩僿傾
420377,4096,[堖憰] 儔儔僀儔僿傾
420553,4096,[堖憰] 傆傢傆傢僯儍儖僿傾
420554,4096,[堖憰] 偝傜偝傜僯儍儖僿傾
430010,1024,[堖憰] 儓儖僇摢嬓
440017,4096,[堖憰] 儓儖儉儞僈儞僪嫵抍働乕僾
440018,1024,[堖憰] 僈儔僔傾偺姇
480664,8192,[堖憰] 庺偄偺戝幹
480665,8192,[堖憰] 僞儞偺憚
480666,8192,[堖憰] 僩儕僗偺寱
401037,1024,[堖憰] 僙儗僗僥傿傾儖僀儞僥僌儕僥傿(忋抜)
410508,2048,[堖憰] 僙儗僗僥傿傾儖僀儞僥僌儕僥傿
420618,4096,[堖憰] 僜儕僢僪僗僥乕僩儗僐僌僯僔儑儞
420619,8192,[堖憰] 僜儕僢僪僗僥乕僩儗僐僌僯僔儑儞(尐偵偐偗傞暔)
480658,8192,[堖憰] 傾儖僇僫儉丒僐儖償僗丒僐儔僋僗
410458,2048,[堖憰] 惞側傞婸偒
480659,8192,[堖憰] 傾僯僶乕僒儕乕億僢僾僐乕儞僶働僢僩(億乕僔儑儞)
420647,4096,[堖憰] 備傞曇傒僂僃乕僽(僽儘儞僪)
420648,4096,[堖憰] 備傞曇傒僂僃乕僽(儘僀儎儖僽儘儞僪)
420649,4096,[堖憰] 備傞曇傒僂僃乕僽(僔儖僶乕)
420650,4096,[堖憰] 備傞曇傒僂僃乕僽(儘僀儎儖僔儖僶乕)
420651,4096,[堖憰] 僗僉傾僣乕僒僀僪傾僢僾(惵椢)
420652,4096,[堖憰] 僗僉傾僣乕僒僀僪傾僢僾(僽儘儞僪)
420653,4096,[堖憰] 僗僉傾僣乕僒僀僪傾僢僾(嶗)
420654,4096,[堖憰] 僗僉傾僣乕僒僀僪傾僢僾(悈怓)
420655,4096,[堖憰] 僗僉傾僣乕僒僀僪傾僢僾(僔儖僶乕)
420656,4096,[堖憰] 僗僉傾僣乕僒僀僪傾僢僾(崟)
420657,4096,[堖憰] 僗僉傾僣乕僒僀僪傾僢僾(敀)
420658,4096,[堖憰] 僗僉傾僣乕僒僀僪傾僢僾(峠)
420659,4096,[堖憰] 僼僃傾儕乕儘儞僌(惵椢)
420660,4096,[堖憰] 僼僃傾儕乕儘儞僌(墿)
420661,4096,[堖憰] 僼僃傾儕乕儘儞僌(愒)
420662,4096,[堖憰] 僼僃傾儕乕儘儞僌(悈怓)
420663,4096,[堖憰] 僼僃傾儕乕儘儞僌(敄巼)
420664,4096,[堖憰] 僼僃傾儕乕儘儞僌(崟)
420665,4096,[堖憰] 僼僃傾儕乕儘儞僌(敀)
420666,4096,[堖憰] 僼僃傾儕乕儘儞僌(峠)
420667,4096,[堖憰] 儘僢僉儞僔儑乕僩(惵椢)
420668,4096,[堖憰] 儘僢僉儞僔儑乕僩(僽儘儞僪)
420669,4096,[堖憰] 儘僢僉儞僔儑乕僩(愒)
420670,4096,[堖憰] 儘僢僉儞僔儑乕僩(悈怓)
420671,4096,[堖憰] 儘僢僉儞僔儑乕僩(僔儖僶乕)
420672,4096,[堖憰] 儘僢僉儞僔儑乕僩(幗崟)
420673,4096,[堖憰] 儘僢僉儞僔儑乕僩(敀)
420674,4096,[堖憰] 儘僢僉儞僔儑乕僩(峠)
420690,4096,[堖憰] 愒揺攏朮(壓抜)
420691,4096,[堖憰] 攏墹(壓抜)
400100,4096,[堖憰] 儗僆儞僿傾
400558,1024,[堖憰] 僗僲乕儅儞偺旐傝暔
400752,1024,[堖憰] 傉偵傉偵偁傫傛偺僗僞儞僾僼乕僪
400965,1024,[堖憰] 僼儕乕僨儕働偺償僃乕儖
401148,1024,[堖憰] 儅乕儕儞僿傾僺儞
410221,2048,[堖憰] 敀僂僒僊儅僗僋
410556,2048,[堖憰] 僐僂僥僀儁儞僊儞
420193,4096,[堖憰] 戝偒偄儕儃儞儅僼儔乕(惵)
420702,4096,[堖憰] 僄僋儕僾僗儅僼儔乕
420703,4096,[堖憰] 僆乕儗儕乕僿傾
480699,8192,[堖憰] 嬧偺墹鈹
480057,8192,[堖憰] 塇偽偨偔墜偺梼
480632,8192,[堖憰] 埆柌偺儅僢僪僶僯乕
401000,1024,[堖憰] 儕傾儊僢僩偺僿僢僪僪儗僗
401001,1024,[堖憰] 埆柌偺僺傾儊僢僩儃儞僱僢僩
401196,1024,[堖憰] 僗僩儔僀僾儕儃儞僴僢僩
410474,2048,[堖憰] 僠僃乕儞儀傾
410574,2048,[堖憰] 弖偔僔儑僐儔傾僀
420575,4096,[堖憰] 埆柌偺僺傾儊僢僩僿傾
420726,4096,[堖憰] 庨偺儕傾儕儃儞
420727,4096,[堖憰] 偨偭傉傝嶰偮曇傒僿傾
420728,4096,[堖憰] 偔傢偊偨僴乕僩僠儑僐
480717,8192,[堖憰] 戝偒側僠僃乕儞儀傾
480718,8192,[堖憰] 僗僂傿乕僩僼僅乕僋
420358,4096,[堖憰] 僄僋僗儁儕儊儞僞儖儅僀儞僪
401246,1024,[堖憰] 僼傽僼僯乕儖僿儖儉
401247,1024,[堖憰] 僂僅儖僼儔僀僄
401248,1024,[堖憰] 尒廗偄杺彈朮巕
410201,4096,[堖憰] 僽僢僋僆僽僨傿僗僩儔僋僔儑儞
410582,2048,[堖憰] 娕岇億儕儞
420337,8192,[堖憰] 僄儞僔僃儞僩儖乕儞
420750,4096,[堖憰] 僙僀儗儞僿傾
420751,4096,[堖憰] 儅乕僈儗僢僞僿傾
480747,8192,[堖憰] 婻巑抍偺寱弬
480748,8192,[堖憰] 僪儔儉偺擏媴僴儞儅乕
